InventoryKey,ProductKey,Warehouse,StockOnHand,ReorderPoint,MaxStock,StockValue,DaysOnHand,LastUpdated
1,1000,Johannesburg DC,7519,382,8304,288504.03,1,2025-09-01 04:06:31.679873
2,1001,Johannesburg DC,2337,556,6048,89577.21,52,2025-09-01 04:06:31.679915
3,1002,Johannesburg DC,9909,926,9044,147049.56,68,2025-09-01 04:06:31.679948
4,1003,Johannesburg DC,5388,682,19405,184485.12,63,2025-09-01 04:06:31.679978
5,1004,Johannesburg DC,7539,573,14439,311059.14,6,2025-09-01 04:06:31.680007
6,1005,Johannesburg DC,1492,394,15588,71720.44,59,2025-09-01 04:06:31.680036
7,1007,Johannesburg DC,5681,817,18805,60332.22,39,2025-09-01 04:06:31.680063
8,1008,Johannesburg DC,6407,727,18491,213289.03,23,2025-09-01 04:06:31.680089
9,1009,Johannesburg DC,6800,355,7942,55284.0,80,2025-09-01 04:06:31.680116
10,1010,Johannesburg DC,7079,568,11302,123953.29,85,2025-09-01 04:06:31.680143
11,1011,Johannesburg DC,3005,815,14316,43362.15,13,2025-09-01 04:06:31.680169
12,1012,Johannesburg DC,6447,815,5715,243761.07,31,2025-09-01 04:06:31.680195
13,1013,Johannesburg DC,2587,380,19459,50679.33,81,2025-09-01 04:06:31.680222
14,1014,Johannesburg DC,8810,398,15922,169152.0,9,2025-09-01 04:06:31.680248
15,1015,Johannesburg DC,3559,605,11738,97765.73,71,2025-09-01 04:06:31.680274
16,1019,Johannesburg DC,1986,477,6253,15609.96,14,2025-09-01 04:06:31.680300
17,1020,Johannesburg DC,8264,884,17771,309321.52,42,2025-09-01 04:06:31.680326
18,1022,Johannesburg DC,6719,561,7700,298390.79,33,2025-09-01 04:06:31.680351
19,1023,Johannesburg DC,3397,618,5731,156499.79,60,2025-09-01 04:06:31.680377
20,1024,Johannesburg DC,437,174,15467,17178.47,89,2025-09-01 04:06:31.680402
21,1025,Johannesburg DC,7567,490,10630,44493.96,52,2025-09-01 04:06:31.680428
22,1027,Johannesburg DC,3185,506,5618,92269.45,2,2025-09-01 04:06:31.680453
23,1028,Johannesburg DC,4105,217,16617,118018.75,18,2025-09-01 04:06:31.680479
24,1030,Johannesburg DC,5359,786,17266,86601.44,60,2025-09-01 04:06:31.680504
25,1031,Johannesburg DC,7942,572,6117,118415.22,11,2025-09-01 04:06:31.680529
26,1032,Johannesburg DC,8985,772,8969,410973.9,57,2025-09-01 04:06:31.680554
27,1034,Johannesburg DC,2297,582,18441,92592.07,36,2025-09-01 04:06:31.680579
28,1035,Johannesburg DC,2643,274,18737,64489.2,3,2025-09-01 04:06:31.680604
29,1036,Johannesburg DC,9944,202,7903,342173.04,38,2025-09-01 04:06:31.680631
30,1037,Johannesburg DC,2034,647,17147,27703.08,51,2025-09-01 04:06:31.680656
31,1038,Johannesburg DC,2759,179,16000,71237.38,2,2025-09-01 04:06:31.680681
32,1039,Johannesburg DC,4476,257,12219,223665.72,46,2025-09-01 04:06:31.680706
33,1040,Johannesburg DC,2915,321,16704,67890.35,5,2025-09-01 04:06:31.680749
34,1043,Johannesburg DC,8721,321,12242,118169.55,90,2025-09-01 04:06:31.680777
35,1044,Johannesburg DC,782,956,15400,14944.02,67,2025-09-01 04:06:31.680802
36,1045,Johannesburg DC,1684,499,16310,81236.16,40,2025-09-01 04:06:31.680827
37,1046,Johannesburg DC,7274,153,14800,75576.86,1,2025-09-01 04:06:31.680852
38,1047,Johannesburg DC,797,890,11183,6925.93,26,2025-09-01 04:06:31.680877
39,1050,Johannesburg DC,4091,483,19889,204263.63,31,2025-09-01 04:06:31.680902
40,1051,Johannesburg DC,3276,193,5262,55462.68,54,2025-09-01 04:06:31.680926
41,1052,Johannesburg DC,457,114,10523,11297.04,25,2025-09-01 04:06:31.680951
42,1053,Johannesburg DC,1035,325,19455,43231.95,13,2025-09-01 04:06:31.680977
43,1054,Johannesburg DC,2750,841,7736,28022.5,6,2025-09-01 04:06:31.681002
44,1055,Johannesburg DC,6810,624,6764,219418.2,42,2025-09-01 04:06:31.681026
45,1057,Johannesburg DC,5286,675,15269,92240.7,25,2025-09-01 04:06:31.681051
46,1058,Johannesburg DC,3393,654,11472,130155.48,55,2025-09-01 04:06:31.681076
47,1059,Johannesburg DC,1979,337,8502,16603.81,14,2025-09-01 04:06:31.681101
48,1060,Johannesburg DC,5842,431,7844,126245.62,2,2025-09-01 04:06:31.681125
49,1061,Johannesburg DC,6588,769,10181,299424.6,2,2025-09-01 04:06:31.681150
50,1063,Johannesburg DC,6376,317,12516,246942.48,29,2025-09-01 04:06:31.681174
51,1064,Johannesburg DC,1081,773,18354,44839.88,36,2025-09-01 04:06:31.681199
52,1065,Johannesburg DC,6045,144,6103,212481.75,28,2025-09-01 04:06:31.681224
53,1067,Johannesburg DC,6735,408,17575,94155.3,77,2025-09-01 04:06:31.681248
54,1068,Johannesburg DC,8185,204,16674,49601.1,69,2025-09-01 04:06:31.681273
55,1069,Johannesburg DC,9325,275,9127,163747.0,13,2025-09-01 04:06:31.681298
56,1070,Johannesburg DC,9828,432,15336,437051.16,90,2025-09-01 04:06:31.681324
57,1071,Johannesburg DC,6366,794,17638,202757.1,89,2025-09-01 04:06:31.681349
58,1072,Johannesburg DC,2177,440,7872,29498.35,82,2025-09-01 04:06:31.681373
59,1073,Johannesburg DC,5209,971,15917,127151.69,62,2025-09-01 04:06:31.681398
60,1074,Johannesburg DC,1106,443,5289,47734.96,78,2025-09-01 04:06:31.681422
61,1075,Johannesburg DC,9585,559,11264,224097.3,66,2025-09-01 04:06:31.681447
62,1076,Johannesburg DC,3808,615,14625,91087.36,2,2025-09-01 04:06:31.681471
63,1079,Johannesburg DC,3811,121,15098,55716.82,16,2025-09-01 04:06:31.681496
64,1080,Johannesburg DC,5060,342,17089,142692.0,55,2025-09-01 04:06:31.681521
65,1082,Johannesburg DC,3990,734,6300,172527.6,8,2025-09-01 04:06:31.681546
66,1083,Johannesburg DC,2253,483,13171,81874.02,38,2025-09-01 04:06:31.681571
67,1084,Johannesburg DC,3309,255,11156,144669.48,27,2025-09-01 04:06:31.681595
68,1085,Johannesburg DC,621,343,16883,18679.68,77,2025-09-01 04:06:31.681621
69,1086,Johannesburg DC,7270,856,19374,188365.7,43,2025-09-01 04:06:31.681646
70,1090,Johannesburg DC,2199,384,10202,54513.21,83,2025-09-01 04:06:31.681670
71,1092,Johannesburg DC,648,633,17972,7698.24,54,2025-09-01 04:06:31.681695
72,1093,Johannesburg DC,4726,868,5388,36862.8,30,2025-09-01 04:06:31.681720
73,1094,Johannesburg DC,5427,450,8969,242207.01,27,2025-09-01 04:06:31.681763
74,1095,Johannesburg DC,8836,155,19854,343808.76,86,2025-09-01 04:06:31.681789
75,1096,Johannesburg DC,4068,920,16261,60491.16,90,2025-09-01 04:06:31.681814
76,1098,Johannesburg DC,3644,722,19298,105821.76,49,2025-09-01 04:06:31.681839
77,1099,Johannesburg DC,8543,429,8007,289778.56,57,2025-09-01 04:06:31.681864
78,1101,Johannesburg DC,99,166,19251,4732.2,63,2025-09-01 04:06:31.681889
79,1102,Johannesburg DC,1146,297,5853,33543.42,82,2025-09-01 04:06:31.681914
80,1103,Johannesburg DC,2318,309,7057,111449.44,12,2025-09-01 04:06:31.681939
81,1104,Johannesburg DC,2845,706,13992,16842.4,27,2025-09-01 04:06:31.681963
82,1105,Johannesburg DC,3871,619,6280,141214.08,55,2025-09-01 04:06:31.681987
83,1106,Johannesburg DC,7652,418,7689,320389.24,26,2025-09-01 04:06:31.682012
84,1107,Johannesburg DC,4012,534,7890,124010.92,78,2025-09-01 04:06:31.682036
85,1108,Johannesburg DC,4079,410,9675,147170.32,74,2025-09-01 04:06:31.682060
86,1109,Johannesburg DC,7344,750,8299,262841.76,35,2025-09-01 04:06:31.682085
87,1110,Johannesburg DC,7883,181,10891,191399.24,51,2025-09-01 04:06:31.682109
88,1111,Johannesburg DC,6188,271,12712,267507.24,57,2025-09-01 04:06:31.682133
89,1112,Johannesburg DC,6925,617,14984,312456.0,56,2025-09-01 04:06:31.682158
90,1114,Johannesburg DC,2553,939,18001,107634.48,62,2025-09-01 04:06:31.682182
91,1116,Johannesburg DC,324,880,11249,10517.04,55,2025-09-01 04:06:31.682207
92,1117,Johannesburg DC,1363,877,19851,36719.22,39,2025-09-01 04:06:31.682232
93,1118,Johannesburg DC,9751,650,7503,356399.05,71,2025-09-01 04:06:31.682256
94,1120,Johannesburg DC,2878,363,11233,106572.34,60,2025-09-01 04:06:31.682281
95,1122,Johannesburg DC,5011,564,9640,144767.79,49,2025-09-01 04:06:31.682306
96,1123,Johannesburg DC,9210,720,12878,337362.3,10,2025-09-01 04:06:31.682332
97,1124,Johannesburg DC,5459,239,16712,56664.42,61,2025-09-01 04:06:31.682356
98,1125,Johannesburg DC,3206,258,8106,122597.44,1,2025-09-01 04:06:31.682381
99,1126,Johannesburg DC,210,982,13203,8918.7,48,2025-09-01 04:06:31.682406
100,1127,Johannesburg DC,8051,514,11812,233801.04,51,2025-09-01 04:06:31.682430
101,1128,Johannesburg DC,6113,493,13020,290245.24,40,2025-09-01 04:06:31.682454
102,1130,Johannesburg DC,9638,172,11697,404796.0,5,2025-09-01 04:06:31.682479
103,1131,Johannesburg DC,2039,494,14266,23876.69,21,2025-09-01 04:06:31.682503
104,1132,Johannesburg DC,3182,881,12148,95810.02,33,2025-09-01 04:06:31.682527
105,1133,Johannesburg DC,5711,621,16618,262020.68,63,2025-09-01 04:06:31.682552
106,1134,Johannesburg DC,6032,813,5945,198754.4,84,2025-09-01 04:06:31.682576
107,1135,Johannesburg DC,6313,534,17053,91538.5,32,2025-09-01 04:06:31.682600
108,1138,Johannesburg DC,3970,589,5565,61535.0,47,2025-09-01 04:06:31.682624
109,1139,Johannesburg DC,462,814,15906,4693.92,83,2025-09-01 04:06:31.682648
110,1140,Johannesburg DC,2422,367,14919,30202.34,59,2025-09-01 04:06:31.682673
111,1141,Johannesburg DC,2414,360,9053,25588.4,78,2025-09-01 04:06:31.682697
112,1142,Johannesburg DC,9475,778,18787,81674.5,21,2025-09-01 04:06:31.682721
113,1143,Johannesburg DC,202,219,17631,3286.54,12,2025-09-01 04:06:31.682764
114,1144,Johannesburg DC,6297,507,16568,221969.25,76,2025-09-01 04:06:31.682789
115,1149,Johannesburg DC,1316,630,19908,25201.4,25,2025-09-01 04:06:31.682813
116,1150,Johannesburg DC,6929,269,18594,305707.48,55,2025-09-01 04:06:31.682838
117,1151,Johannesburg DC,4143,808,9951,103119.27,65,2025-09-01 04:06:31.682862
118,1152,Johannesburg DC,8735,774,19526,215929.2,49,2025-09-01 04:06:31.682886
119,1153,Johannesburg DC,9602,415,17024,116472.26,53,2025-09-01 04:06:31.682911
120,1154,Johannesburg DC,1456,211,15423,72290.4,74,2025-09-01 04:06:31.682935
121,1156,Johannesburg DC,5642,933,7338,90102.74,35,2025-09-01 04:06:31.682960
122,1157,Johannesburg DC,3432,866,11520,27936.48,90,2025-09-01 04:06:31.682984
123,1163,Johannesburg DC,5047,106,7759,53901.96,63,2025-09-01 04:06:31.683009
124,1165,Johannesburg DC,25,199,6144,861.75,90,2025-09-01 04:06:31.683033
125,1166,Johannesburg DC,6845,637,11829,226227.25,84,2025-09-01 04:06:31.683058
126,1168,Johannesburg DC,4724,850,12060,138649.4,22,2025-09-01 04:06:31.683083
127,1169,Johannesburg DC,2890,483,8053,26212.3,18,2025-09-01 04:06:31.683106
128,1170,Johannesburg DC,3244,598,7981,40517.56,65,2025-09-01 04:06:31.683131
129,1171,Johannesburg DC,1806,561,14291,13599.18,28,2025-09-01 04:06:31.683155
130,1173,Johannesburg DC,3041,305,5966,108685.34,24,2025-09-01 04:06:31.683180
131,1175,Johannesburg DC,3143,365,19782,111545.07,53,2025-09-01 04:06:31.683205
132,1176,Johannesburg DC,7220,741,19958,348653.8,80,2025-09-01 04:06:31.683229
133,1177,Johannesburg DC,1789,989,15427,77642.6,22,2025-09-01 04:06:31.683253
134,1180,Johannesburg DC,1307,400,6404,53521.65,49,2025-09-01 04:06:31.683278
135,1181,Johannesburg DC,2042,383,6052,33243.76,44,2025-09-01 04:06:31.683302
136,1183,Johannesburg DC,486,699,8846,15104.88,62,2025-09-01 04:06:31.683326
137,1184,Johannesburg DC,7949,788,17460,111603.96,13,2025-09-01 04:06:31.683351
138,1185,Johannesburg DC,155,162,9359,1922.0,1,2025-09-01 04:06:31.683375
139,1186,Johannesburg DC,9542,908,5685,421470.14,13,2025-09-01 04:06:31.683400
140,1188,Johannesburg DC,3458,634,17972,142504.18,1,2025-09-01 04:06:31.683424
141,1191,Johannesburg DC,6154,717,13520,275637.66,35,2025-09-01 04:06:31.683449
142,1193,Johannesburg DC,7961,584,17401,56045.44,44,2025-09-01 04:06:31.683473
143,1195,Johannesburg DC,9902,539,10514,341321.94,48,2025-09-01 04:06:31.683497
144,1196,Johannesburg DC,5620,422,18383,202657.2,31,2025-09-01 04:06:31.683522
145,1197,Johannesburg DC,5918,781,11528,290810.52,49,2025-09-01 04:06:31.683546
146,1198,Johannesburg DC,937,464,19304,12686.98,43,2025-09-01 04:06:31.683570
147,1199,Johannesburg DC,1641,103,12486,55432.98,90,2025-09-01 04:06:31.683593
148,1200,Johannesburg DC,6583,842,18687,325858.5,18,2025-09-01 04:06:31.683618
149,1201,Johannesburg DC,420,716,7013,6182.4,68,2025-09-01 04:06:31.683642
150,1202,Johannesburg DC,4578,816,17311,208390.56,32,2025-09-01 04:06:31.683666
151,1203,Johannesburg DC,6036,562,15131,209751.0,88,2025-09-01 04:06:31.683691
152,1205,Johannesburg DC,7785,627,11768,78706.35,85,2025-09-01 04:06:31.683715
153,1206,Johannesburg DC,3079,103,15454,85195.93,42,2025-09-01 04:06:31.683759
154,1208,Johannesburg DC,272,748,10901,2681.92,6,2025-09-01 04:06:31.683785
155,1209,Johannesburg DC,5333,794,12279,172629.21,30,2025-09-01 04:06:31.683809
156,1211,Johannesburg DC,9941,596,11556,404499.29,79,2025-09-01 04:06:31.683834
157,1213,Johannesburg DC,1333,456,12010,50427.39,61,2025-09-01 04:06:31.683859
158,1214,Johannesburg DC,1645,851,11305,78811.95,38,2025-09-01 04:06:31.683883
159,1215,Johannesburg DC,9947,299,16664,87931.48,19,2025-09-01 04:06:31.683908
160,1216,Johannesburg DC,8520,997,14369,92527.2,65,2025-09-01 04:06:31.683933
161,1218,Johannesburg DC,520,230,13158,16650.4,12,2025-09-01 04:06:31.683957
162,1219,Johannesburg DC,4937,952,16027,170573.35,71,2025-09-01 04:06:31.683982
163,1220,Johannesburg DC,7648,272,19686,134145.92,58,2025-09-01 04:06:31.684006
164,1221,Johannesburg DC,1895,593,15856,88704.95,70,2025-09-01 04:06:31.684030
165,1222,Johannesburg DC,3946,349,8467,155117.26,22,2025-09-01 04:06:31.684054
166,1223,Johannesburg DC,1465,208,12125,16774.25,4,2025-09-01 04:06:31.684079
167,1224,Johannesburg DC,2625,434,19788,101272.5,50,2025-09-01 04:06:31.684103
168,1225,Johannesburg DC,4593,325,16782,99438.45,33,2025-09-01 04:06:31.684127
169,1226,Johannesburg DC,7803,786,7016,94260.24,86,2025-09-01 04:06:31.684151
170,1227,Johannesburg DC,2224,647,15380,77372.96,63,2025-09-01 04:06:31.684176
171,1229,Johannesburg DC,1481,914,16334,51864.62,43,2025-09-01 04:06:31.684200
172,1230,Johannesburg DC,3666,689,17555,52057.2,77,2025-09-01 04:06:31.684224
173,1231,Johannesburg DC,1059,759,10623,11013.6,49,2025-09-01 04:06:31.684248
174,1232,Johannesburg DC,6252,769,15520,181120.44,72,2025-09-01 04:06:31.684274
175,1236,Johannesburg DC,7159,927,8823,257938.77,29,2025-09-01 04:06:31.684298
176,1237,Johannesburg DC,4244,218,9767,104444.84,12,2025-09-01 04:06:31.684322
177,1238,Johannesburg DC,1824,191,10574,36990.72,76,2025-09-01 04:06:31.684346
178,1239,Johannesburg DC,3082,862,6902,63859.04,74,2025-09-01 04:06:31.684371
179,1240,Johannesburg DC,6025,230,18980,58020.75,41,2025-09-01 04:06:31.684395
180,1242,Johannesburg DC,6229,690,17073,290209.11,1,2025-09-01 04:06:31.684420
181,1244,Johannesburg DC,5092,163,14667,170123.72,69,2025-09-01 04:06:31.684444
182,1245,Johannesburg DC,3110,967,11359,25937.4,55,2025-09-01 04:06:31.684468
183,1247,Johannesburg DC,5237,889,10980,156795.78,87,2025-09-01 04:06:31.684493
184,1248,Johannesburg DC,2069,632,15874,66683.87,78,2025-09-01 04:06:31.684517
185,1249,Johannesburg DC,9679,327,6746,440007.34,51,2025-09-01 04:06:31.684541
186,1250,Johannesburg DC,150,651,18965,2422.5,59,2025-09-01 04:06:31.684565
187,1251,Johannesburg DC,5176,248,18371,112733.28,38,2025-09-01 04:06:31.684590
188,1253,Johannesburg DC,3586,611,16140,58595.24,59,2025-09-01 04:06:31.684614
189,1256,Johannesburg DC,2415,715,9643,98097.3,19,2025-09-01 04:06:31.684638
190,1257,Johannesburg DC,562,713,10245,19765.54,40,2025-09-01 04:06:31.684664
191,1258,Johannesburg DC,8230,805,7022,167727.4,36,2025-09-01 04:06:31.684689
192,1259,Johannesburg DC,9403,589,15339,79643.41,28,2025-09-01 04:06:31.684713
193,1261,Johannesburg DC,8110,398,16536,106565.4,49,2025-09-01 04:06:31.684750
194,1262,Johannesburg DC,963,929,10458,23786.1,20,2025-09-01 04:06:31.684775
195,1263,Johannesburg DC,3450,968,17003,112056.0,29,2025-09-01 04:06:31.684801
196,1266,Johannesburg DC,861,986,17714,35955.36,23,2025-09-01 04:06:31.684825
197,1267,Johannesburg DC,7987,844,11419,270359.95,39,2025-09-01 04:06:31.684850
198,1269,Johannesburg DC,2608,122,13977,124114.72,51,2025-09-01 04:06:31.684875
199,1270,Johannesburg DC,5528,532,16106,40907.2,61,2025-09-01 04:06:31.684900
200,1271,Johannesburg DC,5706,875,11412,86160.6,51,2025-09-01 04:06:31.684924
201,1272,Johannesburg DC,1176,640,16907,7902.72,37,2025-09-01 04:06:31.684949
202,1273,Johannesburg DC,4626,813,8196,170005.5,90,2025-09-01 04:06:31.684973
203,1278,Johannesburg DC,8978,503,6594,293311.26,17,2025-09-01 04:06:31.684998
204,1279,Johannesburg DC,5298,870,17964,253774.2,75,2025-09-01 04:06:31.685022
205,1280,Johannesburg DC,886,970,16625,39249.8,39,2025-09-01 04:06:31.685046
206,1281,Johannesburg DC,7496,770,7681,42952.08,74,2025-09-01 04:06:31.685070
207,1282,Johannesburg DC,2253,552,16402,70271.07,62,2025-09-01 04:06:31.685095
208,1285,Johannesburg DC,4769,248,8436,86795.8,28,2025-09-01 04:06:31.685119
209,1286,Johannesburg DC,3205,852,15669,90348.95,2,2025-09-01 04:06:31.685144
210,1287,Johannesburg DC,5934,843,19027,202408.74,74,2025-09-01 04:06:31.685169
211,1289,Johannesburg DC,1670,794,17869,81529.4,19,2025-09-01 04:06:31.685193
212,1290,Johannesburg DC,6169,537,16132,53793.68,22,2025-09-01 04:06:31.685218
213,1291,Johannesburg DC,922,198,10825,16798.84,61,2025-09-01 04:06:31.685243
214,1295,Johannesburg DC,2943,153,6922,82668.87,66,2025-09-01 04:06:31.685267
215,1296,Johannesburg DC,5545,707,12107,179325.3,20,2025-09-01 04:06:31.685292
216,1297,Johannesburg DC,6619,350,5556,264958.57,16,2025-09-01 04:06:31.685316
217,1298,Johannesburg DC,3946,506,13005,99636.5,39,2025-09-01 04:06:31.685341
218,1299,Johannesburg DC,9767,276,15695,109390.4,49,2025-09-01 04:06:31.685366
219,1301,Johannesburg DC,1468,896,12596,58529.16,84,2025-09-01 04:06:31.685391
220,1302,Johannesburg DC,6260,381,15360,289462.4,84,2025-09-01 04:06:31.685415
221,1303,Johannesburg DC,7292,476,5190,331348.48,16,2025-09-01 04:06:31.685440
222,1304,Johannesburg DC,1910,184,6999,39403.3,63,2025-09-01 04:06:31.685475
223,1305,Johannesburg DC,8351,330,5377,100963.59,76,2025-09-01 04:06:31.685501
224,1306,Johannesburg DC,9387,686,12856,199661.49,36,2025-09-01 04:06:31.685525
225,1307,Johannesburg DC,1549,913,14713,62842.93,24,2025-09-01 04:06:31.685550
226,1308,Johannesburg DC,6290,595,15561,309719.6,90,2025-09-01 04:06:31.685574
227,1310,Johannesburg DC,7105,405,14362,219331.35,17,2025-09-01 04:06:31.685598
228,1311,Johannesburg DC,1629,433,6040,42288.84,69,2025-09-01 04:06:31.685623
229,1312,Johannesburg DC,3029,515,18318,146845.92,90,2025-09-01 04:06:31.685647
230,1313,Johannesburg DC,323,503,14110,4008.43,69,2025-09-01 04:06:31.685672
231,1314,Johannesburg DC,8684,600,6047,393124.68,67,2025-09-01 04:06:31.685697
232,1315,Johannesburg DC,9580,651,16694,317385.4,84,2025-09-01 04:06:31.685722
233,1316,Johannesburg DC,2033,871,17336,70423.12,27,2025-09-01 04:06:31.685760
234,1317,Johannesburg DC,1922,285,19123,84318.14,77,2025-09-01 04:06:31.685786
235,1318,Johannesburg DC,2948,105,14088,42716.52,58,2025-09-01 04:06:31.685811
236,1319,Johannesburg DC,5149,225,5641,152152.95,17,2025-09-01 04:06:31.685837
237,1320,Johannesburg DC,9422,311,15692,389411.26,21,2025-09-01 04:06:31.685861
238,1321,Johannesburg DC,1438,675,9206,35633.64,5,2025-09-01 04:06:31.685886
239,1322,Johannesburg DC,1386,227,13292,60665.22,39,2025-09-01 04:06:31.685911
240,1325,Johannesburg DC,5956,657,7811,194701.64,55,2025-09-01 04:06:31.685935
241,1329,Johannesburg DC,1,354,9925,44.71,6,2025-09-01 04:06:31.685964
242,1331,Johannesburg DC,8510,901,9807,59910.4,85,2025-09-01 04:06:31.685989
243,1332,Johannesburg DC,8750,555,7291,195912.5,74,2025-09-01 04:06:31.686013
244,1333,Johannesburg DC,8035,811,10127,392750.8,67,2025-09-01 04:06:31.686037
245,1334,Johannesburg DC,5769,720,13818,66285.81,66,2025-09-01 04:06:31.686062
246,1336,Johannesburg DC,3438,804,6622,155363.22,85,2025-09-01 04:06:31.686086
247,1337,Johannesburg DC,732,342,5601,36292.56,25,2025-09-01 04:06:31.686111
248,1338,Johannesburg DC,2321,406,19026,98108.67,28,2025-09-01 04:06:31.686135
249,1000,Cape Town DC,2198,716,14045,84337.26,28,2025-09-01 04:06:31.686700
250,1001,Cape Town DC,9695,467,9544,371609.35,17,2025-09-01 04:06:31.686745
251,1002,Cape Town DC,6914,176,14008,102603.76,33,2025-09-01 04:06:31.686773
252,1003,Cape Town DC,4270,490,15645,146204.8,21,2025-09-01 04:06:31.686800
253,1004,Cape Town DC,6554,567,6364,270418.04,33,2025-09-01 04:06:31.686825
254,1005,Cape Town DC,6968,811,7346,334951.76,69,2025-09-01 04:06:31.686850
255,1007,Cape Town DC,3338,172,15314,35449.56,35,2025-09-01 04:06:31.686875
256,1008,Cape Town DC,3156,831,11097,105063.24,73,2025-09-01 04:06:31.686900
257,1009,Cape Town DC,8379,719,7687,68121.27,54,2025-09-01 04:06:31.686925
258,1010,Cape Town DC,2514,423,17907,44020.14,56,2025-09-01 04:06:31.686951
259,1011,Cape Town DC,6208,126,14889,89581.44,32,2025-09-01 04:06:31.686976
260,1012,Cape Town DC,1270,376,7041,48018.7,69,2025-09-01 04:06:31.687002
261,1013,Cape Town DC,1802,800,13984,35301.18,53,2025-09-01 04:06:31.687027
262,1014,Cape Town DC,1080,437,15488,20736.0,12,2025-09-01 04:06:31.687051
263,1015,Cape Town DC,5944,441,17747,163281.68,35,2025-09-01 04:06:31.687076
264,1019,Cape Town DC,2397,989,18076,18840.42,29,2025-09-01 04:06:31.687100
265,1020,Cape Town DC,4483,110,6604,167798.69,49,2025-09-01 04:06:31.687125
266,1022,Cape Town DC,3640,487,6720,161652.4,16,2025-09-01 04:06:31.687150
267,1023,Cape Town DC,2879,639,16932,132635.53,40,2025-09-01 04:06:31.687174
268,1024,Cape Town DC,9647,941,18218,379223.57,63,2025-09-01 04:06:31.687199
269,1025,Cape Town DC,1565,641,10716,9202.2,90,2025-09-01 04:06:31.687223
270,1027,Cape Town DC,9374,986,9620,271564.78,71,2025-09-01 04:06:31.687248
271,1028,Cape Town DC,4440,722,6623,127650.0,7,2025-09-01 04:06:31.687273
272,1030,Cape Town DC,2797,425,17318,45199.52,50,2025-09-01 04:06:31.687298
273,1031,Cape Town DC,2960,453,18206,44133.6,87,2025-09-01 04:06:31.687323
274,1032,Cape Town DC,8711,664,14742,398441.14,52,2025-09-01 04:06:31.687347
275,1034,Cape Town DC,7812,706,7090,314901.72,34,2025-09-01 04:06:31.687372
276,1035,Cape Town DC,155,803,13414,3782.0,20,2025-09-01 04:06:31.687397
277,1036,Cape Town DC,2070,246,11206,71228.7,73,2025-09-01 04:06:31.687421
278,1037,Cape Town DC,4380,154,16885,59655.6,82,2025-09-01 04:06:31.687446
279,1038,Cape Town DC,6064,824,17739,156572.48,32,2025-09-01 04:06:31.687472
280,1039,Cape Town DC,9972,528,16579,498300.84,59,2025-09-01 04:06:31.687496
281,1040,Cape Town DC,2999,549,10799,69846.71,60,2025-09-01 04:06:31.687521
282,1043,Cape Town DC,8228,393,9519,111489.4,55,2025-09-01 04:06:31.687547
283,1044,Cape Town DC,8529,835,19440,162989.19,30,2025-09-01 04:06:31.687572
284,1045,Cape Town DC,5000,750,19056,241200.0,12,2025-09-01 04:06:31.687596
285,1046,Cape Town DC,5007,516,17625,52022.73,41,2025-09-01 04:06:31.687622
286,1047,Cape Town DC,1476,749,6302,12826.44,10,2025-09-01 04:06:31.687646
287,1050,Cape Town DC,3932,195,7705,196324.76,74,2025-09-01 04:06:31.687671
288,1051,Cape Town DC,940,186,17180,15914.2,37,2025-09-01 04:06:31.687696
289,1052,Cape Town DC,9079,604,18243,224432.88,2,2025-09-01 04:06:31.687721
290,1053,Cape Town DC,6946,793,13334,290134.42,18,2025-09-01 04:06:31.687765
291,1054,Cape Town DC,7858,609,13437,80073.02,88,2025-09-01 04:06:31.687791
292,1055,Cape Town DC,8722,814,7042,281022.84,52,2025-09-01 04:06:31.687816
293,1057,Cape Town DC,227,731,8115,3961.15,1,2025-09-01 04:06:31.687841
294,1058,Cape Town DC,6962,819,13754,267062.32,45,2025-09-01 04:06:31.687865
295,1059,Cape Town DC,4001,856,15832,33568.39,68,2025-09-01 04:06:31.687890
296,1060,Cape Town DC,9981,143,14951,215689.41,58,2025-09-01 04:06:31.687915
297,1061,Cape Town DC,2761,790,19449,125487.45,68,2025-09-01 04:06:31.687939
298,1063,Cape Town DC,3687,279,6230,142797.51,47,2025-09-01 04:06:31.687964
299,1064,Cape Town DC,2184,626,10788,90592.32,7,2025-09-01 04:06:31.687989
300,1065,Cape Town DC,6925,607,11211,243413.75,22,2025-09-01 04:06:31.688013
301,1067,Cape Town DC,6115,215,10537,85487.7,87,2025-09-01 04:06:31.688038
302,1068,Cape Town DC,4092,951,13832,24797.52,16,2025-09-01 04:06:31.688063
303,1069,Cape Town DC,4752,406,12915,83445.12,38,2025-09-01 04:06:31.688087
304,1070,Cape Town DC,4337,318,5036,192866.39,81,2025-09-01 04:06:31.688113
305,1071,Cape Town DC,9319,503,8562,296810.15,40,2025-09-01 04:06:31.688137
306,1072,Cape Town DC,8446,945,19637,114443.3,5,2025-09-01 04:06:31.688162
307,1073,Cape Town DC,7586,732,18899,185174.26,63,2025-09-01 04:06:31.688186
308,1074,Cape Town DC,942,464,5096,40656.72,79,2025-09-01 04:06:31.688211
309,1075,Cape Town DC,7542,436,9888,176331.96,46,2025-09-01 04:06:31.688235
310,1076,Cape Town DC,1755,105,10729,41979.6,24,2025-09-01 04:06:31.688260
311,1079,Cape Town DC,6587,463,5145,96301.94,13,2025-09-01 04:06:31.688285
312,1080,Cape Town DC,7058,603,8236,199035.6,11,2025-09-01 04:06:31.688309
313,1082,Cape Town DC,8668,626,19721,374804.32,20,2025-09-01 04:06:31.688333
314,1083,Cape Town DC,6729,226,19960,244531.86,63,2025-09-01 04:06:31.688357
315,1084,Cape Town DC,113,259,17606,4940.36,85,2025-09-01 04:06:31.688381
316,1085,Cape Town DC,4098,331,12711,123267.84,51,2025-09-01 04:06:31.688405
317,1086,Cape Town DC,6132,406,10971,158880.12,55,2025-09-01 04:06:31.688429
318,1090,Cape Town DC,2984,649,18296,73973.36,35,2025-09-01 04:06:31.688453
319,1092,Cape Town DC,1780,549,15752,21146.4,57,2025-09-01 04:06:31.688478
320,1093,Cape Town DC,2651,243,10795,20677.8,56,2025-09-01 04:06:31.688502
321,1094,Cape Town DC,95,467,19476,4239.85,26,2025-09-01 04:06:31.688527
322,1095,Cape Town DC,1813,294,9667,70543.83,6,2025-09-01 04:06:31.688551
323,1096,Cape Town DC,2190,504,11898,32565.3,43,2025-09-01 04:06:31.688575
324,1098,Cape Town DC,517,264,15915,15013.68,26,2025-09-01 04:06:31.688600
325,1099,Cape Town DC,7852,781,9354,266339.84,16,2025-09-01 04:06:31.688625
326,1101,Cape Town DC,6899,600,14013,329772.2,64,2025-09-01 04:06:31.688649
327,1102,Cape Town DC,2087,432,17305,61086.49,52,2025-09-01 04:06:31.688673
328,1103,Cape Town DC,8222,843,17155,395313.76,50,2025-09-01 04:06:31.688698
329,1104,Cape Town DC,2153,212,6767,12745.76,3,2025-09-01 04:06:31.688723
330,1105,Cape Town DC,2066,259,10638,75367.68,65,2025-09-01 04:06:31.688759
331,1106,Cape Town DC,223,885,16213,9337.01,31,2025-09-01 04:06:31.688785
332,1107,Cape Town DC,852,794,18596,26335.32,44,2025-09-01 04:06:31.688809
333,1108,Cape Town DC,7039,711,17082,253967.12,2,2025-09-01 04:06:31.688834
334,1109,Cape Town DC,7116,591,9742,254681.64,37,2025-09-01 04:06:31.688858
335,1110,Cape Town DC,7961,184,17466,193293.08,55,2025-09-01 04:06:31.688882
336,1111,Cape Town DC,4059,732,7498,175470.57,66,2025-09-01 04:06:31.688906
337,1112,Cape Town DC,3061,355,9606,138112.32,15,2025-09-01 04:06:31.688931
338,1114,Cape Town DC,4317,817,9052,182004.72,86,2025-09-01 04:06:31.688956
339,1116,Cape Town DC,7031,303,12764,228226.26,14,2025-09-01 04:06:31.688980
340,1117,Cape Town DC,8230,725,7968,221716.2,25,2025-09-01 04:06:31.689005
341,1118,Cape Town DC,9686,744,15395,354023.3,20,2025-09-01 04:06:31.689029
342,1120,Cape Town DC,3758,223,7167,139158.74,52,2025-09-01 04:06:31.689053
343,1122,Cape Town DC,628,380,8148,18142.92,19,2025-09-01 04:06:31.689077
344,1123,Cape Town DC,6984,118,15100,255823.92,26,2025-09-01 04:06:31.689102
345,1124,Cape Town DC,1489,985,5834,15455.82,49,2025-09-01 04:06:31.689126
346,1125,Cape Town DC,6673,637,10020,255175.52,90,2025-09-01 04:06:31.689150
347,1126,Cape Town DC,3791,327,10507,161003.77,55,2025-09-01 04:06:31.689175
348,1127,Cape Town DC,7851,162,13353,227993.04,55,2025-09-01 04:06:31.689199
349,1128,Cape Town DC,846,411,6803,40168.08,35,2025-09-01 04:06:31.689223
350,1130,Cape Town DC,5956,387,10751,250152.0,54,2025-09-01 04:06:31.689248
351,1131,Cape Town DC,4046,427,19665,47378.66,7,2025-09-01 04:06:31.689273
352,1132,Cape Town DC,2977,141,5008,89637.47,7,2025-09-01 04:06:31.689297
353,1133,Cape Town DC,5269,317,9674,241741.72,61,2025-09-01 04:06:31.689321
354,1134,Cape Town DC,4590,721,6650,151240.5,56,2025-09-01 04:06:31.689346
355,1135,Cape Town DC,3028,358,13049,43906.0,47,2025-09-01 04:06:31.689371
356,1138,Cape Town DC,5476,411,6827,84878.0,13,2025-09-01 04:06:31.689396
357,1139,Cape Town DC,223,799,14040,2265.68,17,2025-09-01 04:06:31.689421
358,1140,Cape Town DC,5426,469,17145,67662.22,47,2025-09-01 04:06:31.689445
359,1141,Cape Town DC,9648,641,14907,102268.8,48,2025-09-01 04:06:31.689470
360,1142,Cape Town DC,3903,765,9521,33643.86,27,2025-09-01 04:06:31.689494
361,1143,Cape Town DC,9573,493,6429,155752.71,14,2025-09-01 04:06:31.689518
362,1144,Cape Town DC,2137,744,17166,75329.25,78,2025-09-01 04:06:31.689542
363,1149,Cape Town DC,1971,142,14610,37744.65,84,2025-09-01 04:06:31.689567
364,1150,Cape Town DC,3120,297,16545,137654.4,58,2025-09-01 04:06:31.689591
365,1151,Cape Town DC,1616,176,13955,40222.24,80,2025-09-01 04:06:31.689615
366,1152,Cape Town DC,5618,408,16884,138876.96,61,2025-09-01 04:06:31.689640
367,1153,Cape Town DC,3309,646,16809,40138.17,20,2025-09-01 04:06:31.689664
368,1154,Cape Town DC,717,230,8140,35599.05,54,2025-09-01 04:06:31.689688
369,1156,Cape Town DC,9019,828,9137,144033.43,72,2025-09-01 04:06:31.689713
370,1157,Cape Town DC,5690,474,12347,46316.6,81,2025-09-01 04:06:31.689754
371,1163,Cape Town DC,1923,546,6109,20537.64,62,2025-09-01 04:06:31.689780
372,1165,Cape Town DC,6864,636,13255,236602.08,3,2025-09-01 04:06:31.689805
373,1166,Cape Town DC,2735,713,9491,90391.75,90,2025-09-01 04:06:31.689829
374,1168,Cape Town DC,2112,396,5744,61987.2,73,2025-09-01 04:06:31.689853
375,1169,Cape Town DC,996,913,16367,9033.72,25,2025-09-01 04:06:31.689878
376,1170,Cape Town DC,6512,606,16218,81334.88,69,2025-09-01 04:06:31.689902
377,1171,Cape Town DC,8412,176,7711,63342.36,57,2025-09-01 04:06:31.689926
378,1173,Cape Town DC,8344,493,14215,298214.56,50,2025-09-01 04:06:31.689950
379,1175,Cape Town DC,6567,721,9448,233062.83,27,2025-09-01 04:06:31.689975
380,1176,Cape Town DC,3015,103,7621,145594.35,74,2025-09-01 04:06:31.689999
381,1177,Cape Town DC,3568,706,16415,154851.2,2,2025-09-01 04:06:31.690024
382,1180,Cape Town DC,8401,566,13254,344020.95,68,2025-09-01 04:06:31.690048
383,1181,Cape Town DC,4240,410,18966,69027.2,29,2025-09-01 04:06:31.690073
384,1183,Cape Town DC,4855,825,9399,150893.4,71,2025-09-01 04:06:31.690098
385,1184,Cape Town DC,1951,275,8668,27392.04,6,2025-09-01 04:06:31.690122
386,1185,Cape Town DC,8741,343,9781,108388.4,6,2025-09-01 04:06:31.690147
387,1186,Cape Town DC,2427,384,7178,107200.59,35,2025-09-01 04:06:31.690171
388,1188,Cape Town DC,844,757,9079,34781.24,27,2025-09-01 04:06:31.690196
389,1191,Cape Town DC,8758,218,5022,392270.82,84,2025-09-01 04:06:31.690220
390,1193,Cape Town DC,5692,747,14914,40071.68,48,2025-09-01 04:06:31.690244
391,1195,Cape Town DC,5317,185,16558,183276.99,71,2025-09-01 04:06:31.690268
392,1196,Cape Town DC,4326,839,7189,155995.56,53,2025-09-01 04:06:31.690293
393,1197,Cape Town DC,4831,432,5938,237395.34,81,2025-09-01 04:06:31.690318
394,1198,Cape Town DC,170,943,10824,2301.8,29,2025-09-01 04:06:31.690342
395,1199,Cape Town DC,4582,280,9194,154779.96,3,2025-09-01 04:06:31.690367
396,1200,Cape Town DC,8804,773,19221,435798.0,75,2025-09-01 04:06:31.690392
397,1201,Cape Town DC,1743,839,17218,25656.96,89,2025-09-01 04:06:31.690417
398,1202,Cape Town DC,6258,769,9216,284864.16,81,2025-09-01 04:06:31.690441
399,1203,Cape Town DC,9901,664,8377,344059.75,57,2025-09-01 04:06:31.690466
400,1205,Cape Town DC,3614,432,9403,36537.54,27,2025-09-01 04:06:31.690490
401,1206,Cape Town DC,9529,744,18233,263667.43,51,2025-09-01 04:06:31.690515
402,1208,Cape Town DC,2550,556,8796,25143.0,56,2025-09-01 04:06:31.690539
403,1209,Cape Town DC,6039,251,19781,195482.43,62,2025-09-01 04:06:31.690564
404,1211,Cape Town DC,1535,607,7973,62459.15,59,2025-09-01 04:06:31.690588
405,1213,Cape Town DC,3031,935,19128,114662.73,23,2025-09-01 04:06:31.690612
406,1214,Cape Town DC,3094,683,13036,148233.54,24,2025-09-01 04:06:31.690636
407,1215,Cape Town DC,4621,121,10081,40849.64,21,2025-09-01 04:06:31.690660
408,1216,Cape Town DC,2911,937,11458,31613.46,88,2025-09-01 04:06:31.690684
409,1218,Cape Town DC,9958,292,6137,318855.16,19,2025-09-01 04:06:31.690708
410,1219,Cape Town DC,1180,536,9018,40769.0,59,2025-09-01 04:06:31.690744
411,1220,Cape Town DC,6594,202,16867,115658.76,68,2025-09-01 04:06:31.690769
412,1221,Cape Town DC,2249,844,17295,105275.69,2,2025-09-01 04:06:31.690794
413,1222,Cape Town DC,9884,202,11191,388540.04,50,2025-09-01 04:06:31.690819
414,1223,Cape Town DC,339,212,18542,3881.55,2,2025-09-01 04:06:31.690843
415,1224,Cape Town DC,716,235,9068,27623.28,11,2025-09-01 04:06:31.690868
416,1225,Cape Town DC,4385,246,15279,94935.25,77,2025-09-01 04:06:31.690892
417,1226,Cape Town DC,221,911,5153,2669.68,14,2025-09-01 04:06:31.690916
418,1227,Cape Town DC,8886,853,18406,309143.94,44,2025-09-01 04:06:31.690941
419,1229,Cape Town DC,1392,307,7281,48747.84,62,2025-09-01 04:06:31.690965
420,1230,Cape Town DC,9221,554,18360,130938.2,21,2025-09-01 04:06:31.690989
421,1231,Cape Town DC,5036,439,12846,52374.4,20,2025-09-01 04:06:31.691013
422,1232,Cape Town DC,3994,157,13905,115706.18,89,2025-09-01 04:06:31.691037
423,1236,Cape Town DC,4382,742,13906,157883.46,16,2025-09-01 04:06:31.691062
424,1237,Cape Town DC,347,944,5729,8539.67,14,2025-09-01 04:06:31.691087
425,1238,Cape Town DC,8923,403,6680,180958.44,66,2025-09-01 04:06:31.691111
426,1239,Cape Town DC,6804,245,5019,140978.88,29,2025-09-01 04:06:31.691136
427,1240,Cape Town DC,393,332,11998,3784.59,50,2025-09-01 04:06:31.691160
428,1242,Cape Town DC,2414,461,15737,112468.26,37,2025-09-01 04:06:31.691184
429,1244,Cape Town DC,3700,1000,16213,123617.0,50,2025-09-01 04:06:31.691208
430,1245,Cape Town DC,1841,603,7778,15353.94,15,2025-09-01 04:06:31.691233
431,1247,Cape Town DC,3678,204,9617,110119.32,46,2025-09-01 04:06:31.691257
432,1248,Cape Town DC,1249,730,10467,40255.27,16,2025-09-01 04:06:31.691371
433,1249,Cape Town DC,5906,186,19673,268486.76,6,2025-09-01 04:06:31.691464
434,1250,Cape Town DC,9904,254,7917,159949.6,55,2025-09-01 04:06:31.691505
435,1251,Cape Town DC,8691,442,14824,189289.98,24,2025-09-01 04:06:31.691538
436,1253,Cape Town DC,6967,253,19632,113840.78,86,2025-09-01 04:06:31.691566
437,1256,Cape Town DC,4940,739,18394,200662.8,37,2025-09-01 04:06:31.691594
438,1257,Cape Town DC,5707,996,6702,200715.19,35,2025-09-01 04:06:31.691622
439,1258,Cape Town DC,8179,777,11047,166688.02,34,2025-09-01 04:06:31.691650
440,1259,Cape Town DC,1251,907,5035,10595.97,20,2025-09-01 04:06:31.691677
441,1261,Cape Town DC,2401,427,7421,31549.14,50,2025-09-01 04:06:31.691702
442,1262,Cape Town DC,7318,838,18055,180754.6,62,2025-09-01 04:06:31.691754
443,1263,Cape Town DC,1102,215,14467,35792.96,55,2025-09-01 04:06:31.691825
444,1266,Cape Town DC,4562,248,6481,190509.12,42,2025-09-01 04:06:31.692062
445,1267,Cape Town DC,2089,286,17575,70712.65,50,2025-09-01 04:06:31.692199
446,1269,Cape Town DC,5777,426,13097,274927.43,55,2025-09-01 04:06:31.692306
447,1270,Cape Town DC,7885,810,11782,58349.0,78,2025-09-01 04:06:31.692350
448,1271,Cape Town DC,5463,241,18142,82491.3,84,2025-09-01 04:06:31.692386
449,1272,Cape Town DC,4028,492,11859,27068.16,71,2025-09-01 04:06:31.692419
450,1273,Cape Town DC,8144,651,13745,299292.0,64,2025-09-01 04:06:31.692451
451,1278,Cape Town DC,8724,649,18457,285013.08,30,2025-09-01 04:06:31.692481
452,1279,Cape Town DC,6301,185,14518,301817.9,54,2025-09-01 04:06:31.692511
453,1280,Cape Town DC,8633,691,17723,382441.9,89,2025-09-01 04:06:31.692542
454,1281,Cape Town DC,3593,819,6429,20587.89,31,2025-09-01 04:06:31.692571
455,1282,Cape Town DC,5926,102,8330,184831.94,3,2025-09-01 04:06:31.692600
456,1285,Cape Town DC,5937,671,12764,108053.4,18,2025-09-01 04:06:31.692629
457,1286,Cape Town DC,1804,161,19931,50854.76,45,2025-09-01 04:06:31.692658
458,1287,Cape Town DC,5912,969,18915,201658.32,18,2025-09-01 04:06:31.692693
459,1289,Cape Town DC,4828,571,7361,235702.96,71,2025-09-01 04:06:31.692721
460,1290,Cape Town DC,6898,348,8452,60150.56,29,2025-09-01 04:06:31.692775
461,1291,Cape Town DC,915,864,7257,16671.3,16,2025-09-01 04:06:31.692845
462,1295,Cape Town DC,2344,486,17010,65842.96,4,2025-09-01 04:06:31.692901
463,1296,Cape Town DC,6958,480,5886,225021.72,90,2025-09-01 04:06:31.692931
464,1297,Cape Town DC,1736,778,14529,69492.08,10,2025-09-01 04:06:31.692956
465,1298,Cape Town DC,7812,957,14730,197253.0,21,2025-09-01 04:06:31.692988
466,1299,Cape Town DC,494,250,10984,5532.8,19,2025-09-01 04:06:31.693018
467,1301,Cape Town DC,1294,350,6262,51591.78,2,2025-09-01 04:06:31.693046
468,1302,Cape Town DC,9325,951,18331,431188.0,54,2025-09-01 04:06:31.693071
469,1303,Cape Town DC,2452,883,7988,111418.88,61,2025-09-01 04:06:31.693106
470,1304,Cape Town DC,2295,866,13641,47345.85,90,2025-09-01 04:06:31.693131
471,1305,Cape Town DC,4907,581,11742,59325.63,44,2025-09-01 04:06:31.693156
472,1306,Cape Town DC,7274,900,15565,154717.98,89,2025-09-01 04:06:31.693183
473,1307,Cape Town DC,216,393,6822,8763.12,20,2025-09-01 04:06:31.693210
474,1308,Cape Town DC,983,757,5526,48402.92,78,2025-09-01 04:06:31.693235
475,1310,Cape Town DC,2843,615,7627,87763.41,2,2025-09-01 04:06:31.693259
476,1311,Cape Town DC,6494,952,11940,168584.24,88,2025-09-01 04:06:31.693283
477,1312,Cape Town DC,7443,667,16655,360836.64,34,2025-09-01 04:06:31.693308
478,1313,Cape Town DC,9372,613,10014,116306.52,30,2025-09-01 04:06:31.693332
479,1314,Cape Town DC,6941,260,9453,314219.07,12,2025-09-01 04:06:31.693357
480,1315,Cape Town DC,8544,486,7050,283062.72,28,2025-09-01 04:06:31.693381
481,1316,Cape Town DC,6560,733,5917,227238.4,29,2025-09-01 04:06:31.693405
482,1317,Cape Town DC,6427,288,18475,281952.49,72,2025-09-01 04:06:31.693429
483,1318,Cape Town DC,9913,961,6264,143639.37,89,2025-09-01 04:06:31.693453
484,1319,Cape Town DC,7674,588,10131,226766.7,84,2025-09-01 04:06:31.693477
485,1320,Cape Town DC,6637,947,11233,274307.21,22,2025-09-01 04:06:31.693501
486,1321,Cape Town DC,895,922,11086,22178.1,83,2025-09-01 04:06:31.693525
487,1322,Cape Town DC,6950,299,9422,304201.5,14,2025-09-01 04:06:31.693548
488,1325,Cape Town DC,1710,179,10942,55899.9,78,2025-09-01 04:06:31.693572
489,1329,Cape Town DC,5496,128,8924,245726.16,37,2025-09-01 04:06:31.693596
490,1331,Cape Town DC,2666,654,6744,18768.64,9,2025-09-01 04:06:31.693620
491,1332,Cape Town DC,3471,711,5179,77715.69,40,2025-09-01 04:06:31.693645
492,1333,Cape Town DC,3075,664,8305,150306.0,82,2025-09-01 04:06:31.693668
493,1334,Cape Town DC,530,346,9410,6089.7,11,2025-09-01 04:06:31.693692
494,1336,Cape Town DC,9340,678,5735,422074.6,73,2025-09-01 04:06:31.693716
495,1337,Cape Town DC,7926,146,5787,392971.08,41,2025-09-01 04:06:31.693759
496,1338,Cape Town DC,1527,416,5138,64546.29,46,2025-09-01 04:06:31.693789
497,1000,Durban DC,4626,507,13195,177499.62,25,2025-09-01 04:06:31.694786
498,1001,Durban DC,5152,869,11400,197476.16,46,2025-09-01 04:06:31.694823
499,1002,Durban DC,2122,819,16054,31490.48,13,2025-09-01 04:06:31.694853
500,1003,Durban DC,5428,517,19688,185854.72,65,2025-09-01 04:06:31.694881
501,1004,Durban DC,1654,614,18229,68244.04,20,2025-09-01 04:06:31.694908
502,1005,Durban DC,388,701,18042,18651.16,49,2025-09-01 04:06:31.694933
503,1007,Durban DC,7814,700,19234,82984.68,5,2025-09-01 04:06:31.694959
504,1008,Durban DC,4753,265,7482,158227.37,88,2025-09-01 04:06:31.694984
505,1009,Durban DC,7587,180,19503,61682.31,81,2025-09-01 04:06:31.695008
506,1010,Durban DC,1528,835,8794,26755.28,28,2025-09-01 04:06:31.695033
507,1011,Durban DC,2307,887,16772,33290.01,21,2025-09-01 04:06:31.695057
508,1012,Durban DC,8218,628,16939,310722.58,78,2025-09-01 04:06:31.695081
509,1013,Durban DC,8573,887,10593,167945.07,58,2025-09-01 04:06:31.695105
510,1014,Durban DC,2149,447,9765,41260.8,47,2025-09-01 04:06:31.695130
511,1015,Durban DC,7059,140,19592,193910.73,88,2025-09-01 04:06:31.695157
512,1019,Durban DC,6350,344,8421,49911.0,79,2025-09-01 04:06:31.695184
513,1020,Durban DC,9943,176,7496,372166.49,73,2025-09-01 04:06:31.695209
514,1022,Durban DC,8151,199,18184,361985.91,2,2025-09-01 04:06:31.695233
515,1023,Durban DC,2336,884,19261,107619.52,40,2025-09-01 04:06:31.695259
516,1024,Durban DC,8964,988,18064,352374.84,12,2025-09-01 04:06:31.695283
517,1025,Durban DC,8174,196,12451,48063.12,41,2025-09-01 04:06:31.695309
518,1027,Durban DC,2780,402,7645,80536.6,9,2025-09-01 04:06:31.695334
519,1028,Durban DC,4589,690,10952,131933.75,46,2025-09-01 04:06:31.695360
520,1030,Durban DC,1461,172,7935,23609.76,59,2025-09-01 04:06:31.695386
521,1031,Durban DC,4226,584,9194,63009.66,57,2025-09-01 04:06:31.695410
522,1032,Durban DC,2301,226,14318,105247.74,63,2025-09-01 04:06:31.695435
523,1034,Durban DC,648,472,19073,26120.88,37,2025-09-01 04:06:31.695458
524,1035,Durban DC,6568,518,19041,160259.2,80,2025-09-01 04:06:31.695482
525,1036,Durban DC,2113,551,11008,72708.33,66,2025-09-01 04:06:31.695506
526,1037,Durban DC,5138,482,6367,69979.56,88,2025-09-01 04:06:31.695530
527,1038,Durban DC,6769,618,12374,174775.58,34,2025-09-01 04:06:31.695555
528,1039,Durban DC,699,735,15549,34929.03,8,2025-09-01 04:06:31.695581
529,1040,Durban DC,4011,816,18455,93416.19,72,2025-09-01 04:06:31.695607
530,1043,Durban DC,130,258,18976,1761.5,14,2025-09-01 04:06:31.695633
531,1044,Durban DC,4762,484,7592,91001.82,73,2025-09-01 04:06:31.695657
532,1045,Durban DC,6541,974,6195,315537.84,29,2025-09-01 04:06:31.695682
533,1046,Durban DC,6360,995,12573,66080.4,86,2025-09-01 04:06:31.695708
534,1047,Durban DC,1531,457,12632,13304.39,60,2025-09-01 04:06:31.695757
535,1050,Durban DC,8767,937,12616,437736.31,14,2025-09-01 04:06:31.695786
536,1051,Durban DC,1406,284,16989,23803.58,14,2025-09-01 04:06:31.695813
537,1052,Durban DC,6503,886,12096,160754.16,26,2025-09-01 04:06:31.695840
538,1053,Durban DC,6578,436,6056,274763.06,41,2025-09-01 04:06:31.695867
539,1054,Durban DC,5610,718,12967,57165.9,28,2025-09-01 04:06:31.695893
540,1055,Durban DC,7802,217,9560,251380.44,59,2025-09-01 04:06:31.695917
541,1057,Durban DC,627,658,7551,10941.15,61,2025-09-01 04:06:31.695942
542,1058,Durban DC,2384,755,8497,91450.24,41,2025-09-01 04:06:31.695966
543,1059,Durban DC,9309,132,14848,78102.51,49,2025-09-01 04:06:31.695990
544,1060,Durban DC,1022,927,10922,22085.42,56,2025-09-01 04:06:31.696014
545,1061,Durban DC,7756,318,5886,352510.2,28,2025-09-01 04:06:31.696037
546,1063,Durban DC,375,876,16201,14523.75,55,2025-09-01 04:06:31.696062
547,1064,Durban DC,4421,358,15415,183383.08,23,2025-09-01 04:06:31.696087
548,1065,Durban DC,1369,245,6134,48120.35,36,2025-09-01 04:06:31.696113
549,1067,Durban DC,6636,183,9887,92771.28,58,2025-09-01 04:06:31.696138
550,1068,Durban DC,6876,637,8507,41668.56,86,2025-09-01 04:06:31.696162
551,1069,Durban DC,4250,288,18607,74630.0,7,2025-09-01 04:06:31.696186
552,1070,Durban DC,1514,538,10603,67327.58,39,2025-09-01 04:06:31.696210
553,1071,Durban DC,2695,303,10722,85835.75,54,2025-09-01 04:06:31.696234
554,1072,Durban DC,7890,586,13773,106909.5,89,2025-09-01 04:06:31.696257
555,1073,Durban DC,2632,813,12156,64247.12,46,2025-09-01 04:06:31.696282
556,1074,Durban DC,9344,498,18484,403287.04,2,2025-09-01 04:06:31.696307
557,1075,Durban DC,9189,901,19643,214838.82,77,2025-09-01 04:06:31.696332
558,1076,Durban DC,3253,179,16841,77811.76,86,2025-09-01 04:06:31.696356
559,1079,Durban DC,9477,731,7369,138553.74,42,2025-09-01 04:06:31.696380
560,1080,Durban DC,5185,114,7465,146217.0,59,2025-09-01 04:06:31.696405
561,1082,Durban DC,2416,611,19160,104467.84,41,2025-09-01 04:06:31.696430
562,1083,Durban DC,1861,911,16041,67628.74,53,2025-09-01 04:06:31.696456
563,1084,Durban DC,4305,633,16833,188214.6,1,2025-09-01 04:06:31.696479
564,1085,Durban DC,7381,952,19045,222020.48,17,2025-09-01 04:06:31.696503
565,1086,Durban DC,7361,754,14476,190723.51,13,2025-09-01 04:06:31.696526
566,1090,Durban DC,597,323,17217,14799.63,25,2025-09-01 04:06:31.696550
567,1092,Durban DC,6884,813,13947,81781.92,22,2025-09-01 04:06:31.696574
568,1093,Durban DC,9845,486,8541,76791.0,45,2025-09-01 04:06:31.696598
569,1094,Durban DC,3436,295,16135,153348.68,74,2025-09-01 04:06:31.696621
570,1095,Durban DC,235,479,18332,9143.85,47,2025-09-01 04:06:31.696645
571,1096,Durban DC,265,409,19690,3940.55,40,2025-09-01 04:06:31.696668
572,1098,Durban DC,8226,938,19217,238883.04,16,2025-09-01 04:06:31.696691
573,1099,Durban DC,8177,764,12471,277363.84,53,2025-09-01 04:06:31.696716
574,1101,Durban DC,6723,460,10770,321359.4,70,2025-09-01 04:06:31.696753
575,1102,Durban DC,6977,635,17535,204216.79,43,2025-09-01 04:06:31.696780
576,1103,Durban DC,1857,280,12517,89284.56,55,2025-09-01 04:06:31.696803
577,1104,Durban DC,6113,281,14056,36188.96,77,2025-09-01 04:06:31.696827
578,1105,Durban DC,2664,655,12141,97182.72,49,2025-09-01 04:06:31.696850
579,1106,Durban DC,4669,965,15806,195491.03,89,2025-09-01 04:06:31.696875
580,1107,Durban DC,7167,749,9640,221531.97,90,2025-09-01 04:06:31.696902
581,1108,Durban DC,1625,189,18204,58630.0,14,2025-09-01 04:06:31.696929
582,1109,Durban DC,1468,765,5269,52539.72,79,2025-09-01 04:06:31.696954
583,1110,Durban DC,6738,206,13133,163598.64,80,2025-09-01 04:06:31.696981
584,1111,Durban DC,8924,202,15379,385784.52,57,2025-09-01 04:06:31.697006
585,1112,Durban DC,8247,695,18203,372104.64,5,2025-09-01 04:06:31.697031
586,1114,Durban DC,4749,972,11891,200217.84,28,2025-09-01 04:06:31.697057
587,1116,Durban DC,3651,895,12448,118511.46,71,2025-09-01 04:06:31.697083
588,1117,Durban DC,6243,217,8204,168186.42,61,2025-09-01 04:06:31.697109
589,1118,Durban DC,2038,459,18004,74488.9,60,2025-09-01 04:06:31.697133
590,1120,Durban DC,6765,940,15565,250507.95,51,2025-09-01 04:06:31.697156
591,1122,Durban DC,124,483,17815,3582.36,29,2025-09-01 04:06:31.697180
592,1123,Durban DC,8315,390,9384,304578.45,85,2025-09-01 04:06:31.697203
593,1124,Durban DC,4333,414,18737,44976.54,54,2025-09-01 04:06:31.697227
594,1125,Durban DC,3957,104,19748,151315.68,54,2025-09-01 04:06:31.697251
595,1126,Durban DC,535,115,5430,22721.45,20,2025-09-01 04:06:31.697274
596,1127,Durban DC,6134,960,18380,178131.36,67,2025-09-01 04:06:31.697297
597,1128,Durban DC,9829,425,10490,466680.92,22,2025-09-01 04:06:31.697321
598,1130,Durban DC,9374,540,8962,393708.0,72,2025-09-01 04:06:31.697344
599,1131,Durban DC,6412,297,15096,75084.52,83,2025-09-01 04:06:31.697367
600,1132,Durban DC,6444,948,5845,194028.84,74,2025-09-01 04:06:31.697391
601,1133,Durban DC,7030,231,15424,322536.4,50,2025-09-01 04:06:31.697417
602,1134,Durban DC,2846,512,19813,93775.7,41,2025-09-01 04:06:31.697442
603,1135,Durban DC,8475,262,12166,122887.5,30,2025-09-01 04:06:31.697469
604,1138,Durban DC,1631,827,18126,25280.5,17,2025-09-01 04:06:31.697495
605,1139,Durban DC,8261,221,15345,83931.76,74,2025-09-01 04:06:31.697518
606,1140,Durban DC,6422,963,17487,80082.34,81,2025-09-01 04:06:31.697542
607,1141,Durban DC,4263,957,14058,45187.8,21,2025-09-01 04:06:31.697566
608,1142,Durban DC,5282,308,6527,45530.84,12,2025-09-01 04:06:31.697589
609,1143,Durban DC,420,547,5189,6833.4,81,2025-09-01 04:06:31.697613
610,1144,Durban DC,9720,256,5455,342630.0,80,2025-09-01 04:06:31.697637
611,1149,Durban DC,8907,180,14368,170569.05,49,2025-09-01 04:06:31.697660
612,1150,Durban DC,414,860,17028,18265.68,17,2025-09-01 04:06:31.697684
613,1151,Durban DC,7433,749,15346,185007.37,46,2025-09-01 04:06:31.697707
614,1152,Durban DC,3056,345,15690,75544.32,29,2025-09-01 04:06:31.697742
615,1153,Durban DC,4864,298,13772,59000.32,32,2025-09-01 04:06:31.697766
616,1154,Durban DC,6194,888,9267,307532.1,85,2025-09-01 04:06:31.697790
617,1156,Durban DC,847,381,6359,13526.59,19,2025-09-01 04:06:31.697814
618,1157,Durban DC,379,753,14492,3085.06,14,2025-09-01 04:06:31.697838
619,1163,Durban DC,1817,570,14763,19405.56,16,2025-09-01 04:06:31.697861
620,1165,Durban DC,1754,245,9627,60460.38,34,2025-09-01 04:06:31.697884
621,1166,Durban DC,2959,195,6267,97794.95,64,2025-09-01 04:06:31.697908
622,1168,Durban DC,5921,958,8407,173781.35,51,2025-09-01 04:06:31.697932
623,1169,Durban DC,1649,602,18032,14956.43,3,2025-09-01 04:06:31.697955
624,1170,Durban DC,6778,175,12971,84657.22,81,2025-09-01 04:06:31.697978
625,1171,Durban DC,1250,315,16261,9412.5,54,2025-09-01 04:06:31.698017
626,1173,Durban DC,6148,421,15380,219729.52,58,2025-09-01 04:06:31.698070
627,1175,Durban DC,2639,284,9894,93658.11,2,2025-09-01 04:06:31.698105
628,1176,Durban DC,2927,775,14294,141344.83,81,2025-09-01 04:06:31.698129
629,1177,Durban DC,9939,975,5515,431352.6,16,2025-09-01 04:06:31.698163
630,1180,Durban DC,5616,455,12928,229975.2,79,2025-09-01 04:06:31.698205
631,1181,Durban DC,9830,659,5082,160032.4,21,2025-09-01 04:06:31.698233
632,1183,Durban DC,8548,859,9169,265671.84,16,2025-09-01 04:06:31.698256
633,1184,Durban DC,3159,720,5484,44352.36,69,2025-09-01 04:06:31.698279
634,1185,Durban DC,377,630,13384,4674.8,20,2025-09-01 04:06:31.698303
635,1186,Durban DC,3543,987,10978,156494.31,15,2025-09-01 04:06:31.698326
636,1188,Durban DC,3554,130,10366,146460.34,18,2025-09-01 04:06:31.698350
637,1191,Durban DC,3600,185,16923,161244.0,89,2025-09-01 04:06:31.698373
638,1193,Durban DC,2073,374,9483,14593.92,62,2025-09-01 04:06:31.698396
639,1195,Durban DC,3264,194,10710,112510.08,71,2025-09-01 04:06:31.698420
640,1196,Durban DC,4822,578,17209,173881.32,64,2025-09-01 04:06:31.698444
641,1197,Durban DC,7144,624,11552,351056.16,25,2025-09-01 04:06:31.698467
642,1198,Durban DC,4097,277,8242,55473.38,88,2025-09-01 04:06:31.698491
643,1199,Durban DC,4605,502,6685,155556.9,75,2025-09-01 04:06:31.698514
644,1200,Durban DC,9626,419,7714,476487.0,27,2025-09-01 04:06:31.698539
645,1201,Durban DC,7992,543,19464,117642.24,58,2025-09-01 04:06:31.698562
646,1202,Durban DC,6942,710,17240,315999.84,35,2025-09-01 04:06:31.698585
647,1203,Durban DC,5222,737,6762,181464.5,78,2025-09-01 04:06:31.698609
648,1205,Durban DC,6275,539,8272,63440.25,73,2025-09-01 04:06:31.698632
649,1206,Durban DC,5782,482,19711,159987.94,81,2025-09-01 04:06:31.698655
650,1208,Durban DC,1052,560,7740,10372.72,5,2025-09-01 04:06:31.698679
651,1209,Durban DC,8378,359,14615,271195.86,53,2025-09-01 04:06:31.698702
652,1211,Durban DC,4808,718,18544,195637.52,83,2025-09-01 04:06:31.698726
653,1213,Durban DC,8691,460,11525,328780.53,4,2025-09-01 04:06:31.698773
654,1214,Durban DC,1878,284,18255,89974.98,42,2025-09-01 04:06:31.698797
655,1215,Durban DC,7035,909,8046,62189.4,46,2025-09-01 04:06:31.698820
656,1216,Durban DC,4019,174,8525,43646.34,85,2025-09-01 04:06:31.698844
657,1218,Durban DC,6089,480,7376,194969.78,41,2025-09-01 04:06:31.698867
658,1219,Durban DC,2003,109,10219,69203.65,89,2025-09-01 04:06:31.698891
659,1220,Durban DC,178,834,10388,3122.12,28,2025-09-01 04:06:31.698914
660,1221,Durban DC,7624,681,18029,356879.44,42,2025-09-01 04:06:31.698938
661,1222,Durban DC,3811,675,6085,149810.41,50,2025-09-01 04:06:31.698962
662,1223,Durban DC,4646,716,8476,53196.7,68,2025-09-01 04:06:31.698985
663,1224,Durban DC,3562,205,14190,137421.96,36,2025-09-01 04:06:31.699008
664,1225,Durban DC,9959,926,19088,215612.35,86,2025-09-01 04:06:31.699032
665,1226,Durban DC,1225,687,19625,14798.0,83,2025-09-01 04:06:31.699056
666,1227,Durban DC,6909,798,17389,240364.11,56,2025-09-01 04:06:31.699080
667,1229,Durban DC,5206,932,10244,182314.12,26,2025-09-01 04:06:31.699103
668,1230,Durban DC,3229,150,18151,45851.8,64,2025-09-01 04:06:31.699126
669,1231,Durban DC,8169,147,9496,84957.6,54,2025-09-01 04:06:31.699150
670,1232,Durban DC,1953,227,12418,56578.41,22,2025-09-01 04:06:31.699173
671,1236,Durban DC,9853,434,14685,355003.59,50,2025-09-01 04:06:31.699197
672,1237,Durban DC,3873,690,5348,95314.53,37,2025-09-01 04:06:31.699220
673,1238,Durban DC,292,759,17833,5921.76,74,2025-09-01 04:06:31.699243
674,1239,Durban DC,76,572,9659,1574.72,17,2025-09-01 04:06:31.699269
675,1240,Durban DC,6599,137,19677,63548.37,69,2025-09-01 04:06:31.699293
676,1242,Durban DC,8642,140,10527,402630.78,83,2025-09-01 04:06:31.699316
677,1244,Durban DC,266,171,12698,8887.06,13,2025-09-01 04:06:31.699339
678,1245,Durban DC,6800,840,9931,56712.0,36,2025-09-01 04:06:31.699363
679,1247,Durban DC,5196,871,10665,155568.24,52,2025-09-01 04:06:31.699386
680,1248,Durban DC,1306,669,17691,42092.38,41,2025-09-01 04:06:31.699409
681,1249,Durban DC,8090,727,5771,367771.4,51,2025-09-01 04:06:31.699432
682,1250,Durban DC,4889,813,12447,78957.35,64,2025-09-01 04:06:31.699456
683,1251,Durban DC,1989,963,11126,43320.42,80,2025-09-01 04:06:31.699479
684,1253,Durban DC,1683,129,8670,27500.22,7,2025-09-01 04:06:31.699502
685,1256,Durban DC,170,242,6722,6905.4,42,2025-09-01 04:06:31.699525
686,1257,Durban DC,7138,331,7788,251043.46,12,2025-09-01 04:06:31.699551
687,1258,Durban DC,3131,841,19782,63809.78,48,2025-09-01 04:06:31.699575
688,1259,Durban DC,8807,105,16276,74595.29,7,2025-09-01 04:06:31.699599
689,1261,Durban DC,4254,903,5705,55897.56,15,2025-09-01 04:06:31.699623
690,1262,Durban DC,786,411,6229,19414.2,34,2025-09-01 04:06:31.699646
691,1263,Durban DC,5395,804,15039,175229.6,49,2025-09-01 04:06:31.699670
692,1266,Durban DC,4422,815,7790,184662.72,18,2025-09-01 04:06:31.699697
693,1267,Durban DC,9559,571,6964,323572.15,17,2025-09-01 04:06:31.699722
694,1269,Durban DC,5231,982,7424,248943.29,75,2025-09-01 04:06:31.699767
695,1270,Durban DC,6771,752,12320,50105.4,86,2025-09-01 04:06:31.699797
696,1271,Durban DC,2004,634,13644,30260.4,31,2025-09-01 04:06:31.699822
697,1272,Durban DC,9468,589,15834,63624.96,63,2025-09-01 04:06:31.699847
698,1273,Durban DC,4596,429,17658,168903.0,62,2025-09-01 04:06:31.699871
699,1278,Durban DC,3700,194,9322,120879.0,38,2025-09-01 04:06:31.699894
700,1279,Durban DC,1356,461,14150,64952.4,32,2025-09-01 04:06:31.699918
701,1280,Durban DC,3373,811,6278,149423.9,10,2025-09-01 04:06:31.699952
702,1281,Durban DC,8103,161,8481,46430.19,2,2025-09-01 04:06:31.699976
703,1282,Durban DC,3541,579,18410,110443.79,50,2025-09-01 04:06:31.700000
704,1285,Durban DC,3078,599,6712,56019.6,44,2025-09-01 04:06:31.700024
705,1286,Durban DC,3418,933,14675,96353.42,68,2025-09-01 04:06:31.700048
706,1287,Durban DC,8420,979,10134,287206.2,40,2025-09-01 04:06:31.700071
707,1289,Durban DC,7438,771,7523,363123.16,65,2025-09-01 04:06:31.700094
708,1290,Durban DC,1731,233,8584,15094.32,47,2025-09-01 04:06:31.700117
709,1291,Durban DC,6317,563,19218,115095.74,80,2025-09-01 04:06:31.700141
710,1295,Durban DC,8412,307,17779,236293.08,52,2025-09-01 04:06:31.700165
711,1296,Durban DC,3079,170,9552,99574.86,55,2025-09-01 04:06:31.700189
712,1297,Durban DC,2690,802,10032,107680.7,74,2025-09-01 04:06:31.700212
713,1298,Durban DC,1672,250,12552,42218.0,14,2025-09-01 04:06:31.700236
714,1299,Durban DC,1805,346,5271,20216.0,59,2025-09-01 04:06:31.700260
715,1301,Durban DC,3064,373,5468,122161.68,61,2025-09-01 04:06:31.700283
716,1302,Durban DC,8698,563,10766,402195.52,34,2025-09-01 04:06:31.700306
717,1303,Durban DC,1938,663,6377,88062.72,46,2025-09-01 04:06:31.700330
718,1304,Durban DC,7069,317,7467,145833.47,51,2025-09-01 04:06:31.700353
719,1305,Durban DC,8227,541,13321,99464.43,43,2025-09-01 04:06:31.700377
720,1306,Durban DC,870,551,9466,18504.9,48,2025-09-01 04:06:31.700401
721,1307,Durban DC,1602,150,15627,64993.14,49,2025-09-01 04:06:31.700424
722,1308,Durban DC,6923,298,9816,340888.52,25,2025-09-01 04:06:31.700448
723,1310,Durban DC,6597,280,14732,203649.39,36,2025-09-01 04:06:31.700471
724,1311,Durban DC,8676,722,13087,225228.96,67,2025-09-01 04:06:31.700495
725,1312,Durban DC,7103,211,16160,344353.44,7,2025-09-01 04:06:31.700518
726,1313,Durban DC,4078,213,8597,50607.98,15,2025-09-01 04:06:31.700542
727,1314,Durban DC,870,136,14424,39384.9,35,2025-09-01 04:06:31.700565
728,1315,Durban DC,3911,167,13718,129571.43,13,2025-09-01 04:06:31.700589
729,1316,Durban DC,4513,331,19460,156330.32,80,2025-09-01 04:06:31.700612
730,1317,Durban DC,6628,501,11437,290770.36,13,2025-09-01 04:06:31.700635
731,1318,Durban DC,3602,851,18501,52192.98,89,2025-09-01 04:06:31.700659
732,1319,Durban DC,4395,607,8370,129872.25,22,2025-09-01 04:06:31.700682
733,1320,Durban DC,3335,455,15434,137835.55,37,2025-09-01 04:06:31.700706
734,1321,Durban DC,9769,394,17023,242075.82,1,2025-09-01 04:06:31.700741
735,1322,Durban DC,1544,289,13245,67580.88,90,2025-09-01 04:06:31.700765
736,1325,Durban DC,7811,856,10002,255341.59,89,2025-09-01 04:06:31.700789
737,1329,Durban DC,3909,274,10162,174771.39,88,2025-09-01 04:06:31.700812
738,1331,Durban DC,1137,270,8069,8004.48,43,2025-09-01 04:06:31.700836
739,1332,Durban DC,7458,245,5208,166984.62,86,2025-09-01 04:06:31.700859
740,1333,Durban DC,7775,538,10473,380042.0,3,2025-09-01 04:06:31.700883
741,1334,Durban DC,2908,370,19438,33412.92,10,2025-09-01 04:06:31.700906
742,1336,Durban DC,2797,795,17456,126396.43,2,2025-09-01 04:06:31.700929
743,1337,Durban DC,9732,460,12763,482512.56,75,2025-09-01 04:06:31.700952
744,1338,Durban DC,16,600,19306,676.32,32,2025-09-01 04:06:31.700976
745,1000,Port Elizabeth DC,7742,212,5740,297060.54,3,2025-09-01 04:06:31.701642
746,1001,Port Elizabeth DC,9294,796,9762,356239.02,30,2025-09-01 04:06:31.701674
747,1002,Port Elizabeth DC,8606,615,7741,127713.04,19,2025-09-01 04:06:31.701701
748,1003,Port Elizabeth DC,1538,202,9990,52661.12,43,2025-09-01 04:06:31.701743
749,1004,Port Elizabeth DC,7415,602,17039,305942.9,45,2025-09-01 04:06:31.701772
750,1005,Port Elizabeth DC,8940,363,15869,429745.8,63,2025-09-01 04:06:31.701799
751,1007,Port Elizabeth DC,4153,473,12516,44104.86,2,2025-09-01 04:06:31.701826
752,1008,Port Elizabeth DC,5777,408,16635,192316.33,43,2025-09-01 04:06:31.701853
753,1009,Port Elizabeth DC,8484,893,15877,68974.92,77,2025-09-01 04:06:31.701877
754,1010,Port Elizabeth DC,7935,215,9422,138941.85,88,2025-09-01 04:06:31.701901
755,1011,Port Elizabeth DC,8508,845,15482,122770.44,3,2025-09-01 04:06:31.701925
756,1012,Port Elizabeth DC,2423,520,19029,91613.63,29,2025-09-01 04:06:31.701951
757,1013,Port Elizabeth DC,2320,465,13156,45448.8,4,2025-09-01 04:06:31.701978
758,1014,Port Elizabeth DC,4003,691,17140,76857.6,90,2025-09-01 04:06:31.702005
759,1015,Port Elizabeth DC,7056,468,8380,193828.32,12,2025-09-01 04:06:31.702030
760,1019,Port Elizabeth DC,3175,486,15465,24955.5,14,2025-09-01 04:06:31.702056
761,1020,Port Elizabeth DC,4487,998,15270,167948.41,87,2025-09-01 04:06:31.702081
762,1022,Port Elizabeth DC,8927,560,19353,396448.07,68,2025-09-01 04:06:31.702107
763,1023,Port Elizabeth DC,2866,371,19914,132036.62,87,2025-09-01 04:06:31.702131
764,1024,Port Elizabeth DC,5715,439,11406,224656.65,76,2025-09-01 04:06:31.702154
765,1025,Port Elizabeth DC,6836,382,10067,40195.68,25,2025-09-01 04:06:31.702177
766,1027,Port Elizabeth DC,673,693,13520,19496.81,90,2025-09-01 04:06:31.702201
767,1028,Port Elizabeth DC,5624,954,15033,161690.0,16,2025-09-01 04:06:31.702224
768,1030,Port Elizabeth DC,7101,914,12455,114752.16,73,2025-09-01 04:06:31.702247
769,1031,Port Elizabeth DC,5685,395,6805,84763.35,2,2025-09-01 04:06:31.702271
770,1032,Port Elizabeth DC,8174,801,7410,373878.76,60,2025-09-01 04:06:31.702294
771,1034,Port Elizabeth DC,2461,635,9747,99202.91,80,2025-09-01 04:06:31.702317
772,1035,Port Elizabeth DC,9144,780,7664,223113.6,39,2025-09-01 04:06:31.702343
773,1036,Port Elizabeth DC,7976,395,6058,274454.16,38,2025-09-01 04:06:31.702368
774,1037,Port Elizabeth DC,255,564,5670,3473.1,28,2025-09-01 04:06:31.702393
775,1038,Port Elizabeth DC,4636,945,14716,119701.52,16,2025-09-01 04:06:31.702417
776,1039,Port Elizabeth DC,871,600,10010,43523.87,1,2025-09-01 04:06:31.702442
777,1040,Port Elizabeth DC,7050,460,15817,164194.5,1,2025-09-01 04:06:31.702467
778,1043,Port Elizabeth DC,817,357,7256,11070.35,45,2025-09-01 04:06:31.702490
779,1044,Port Elizabeth DC,4641,904,19074,88689.51,65,2025-09-01 04:06:31.702514
780,1045,Port Elizabeth DC,9187,258,6409,443180.88,35,2025-09-01 04:06:31.702537
781,1046,Port Elizabeth DC,2337,850,8223,24281.43,56,2025-09-01 04:06:31.702561
782,1047,Port Elizabeth DC,9588,182,9764,83319.72,29,2025-09-01 04:06:31.702584
783,1050,Port Elizabeth DC,526,584,10810,26263.18,32,2025-09-01 04:06:31.702608
784,1051,Port Elizabeth DC,6328,532,11539,107133.04,13,2025-09-01 04:06:31.702632
785,1052,Port Elizabeth DC,4280,409,14781,105801.6,40,2025-09-01 04:06:31.702655
786,1053,Port Elizabeth DC,2839,677,12140,118585.03,87,2025-09-01 04:06:31.702678
787,1054,Port Elizabeth DC,5283,923,14472,53833.77,18,2025-09-01 04:06:31.702701
788,1055,Port Elizabeth DC,3268,356,7223,105294.96,54,2025-09-01 04:06:31.702725
789,1057,Port Elizabeth DC,9081,304,9932,158463.45,40,2025-09-01 04:06:31.702760
790,1058,Port Elizabeth DC,1402,404,14284,53780.72,81,2025-09-01 04:06:31.702786
791,1059,Port Elizabeth DC,7555,658,8004,63386.45,49,2025-09-01 04:06:31.702812
792,1060,Port Elizabeth DC,7158,198,7270,154684.38,68,2025-09-01 04:06:31.702836
793,1061,Port Elizabeth DC,7240,810,10132,329058.0,65,2025-09-01 04:06:31.702860
794,1063,Port Elizabeth DC,5858,579,10803,226880.34,55,2025-09-01 04:06:31.702883
795,1064,Port Elizabeth DC,7643,530,11721,317031.64,60,2025-09-01 04:06:31.702907
796,1065,Port Elizabeth DC,453,672,5432,15922.95,54,2025-09-01 04:06:31.702931
797,1067,Port Elizabeth DC,1448,873,7303,20243.04,79,2025-09-01 04:06:31.702960
798,1068,Port Elizabeth DC,4954,905,8975,30021.24,75,2025-09-01 04:06:31.702987
799,1069,Port Elizabeth DC,8391,482,7085,147345.96,80,2025-09-01 04:06:31.703012
800,1070,Port Elizabeth DC,8900,679,19381,395783.0,38,2025-09-01 04:06:31.703037
801,1071,Port Elizabeth DC,877,873,18846,27932.45,51,2025-09-01 04:06:31.703061
802,1072,Port Elizabeth DC,2063,512,15978,27953.65,1,2025-09-01 04:06:31.703085
803,1073,Port Elizabeth DC,7582,926,17500,185076.62,67,2025-09-01 04:06:31.703108
804,1074,Port Elizabeth DC,7540,959,5890,325426.4,11,2025-09-01 04:06:31.703132
805,1075,Port Elizabeth DC,896,376,18596,20948.48,84,2025-09-01 04:06:31.703155
806,1076,Port Elizabeth DC,1753,441,14737,41931.76,13,2025-09-01 04:06:31.703178
807,1079,Port Elizabeth DC,4760,679,12888,69591.2,89,2025-09-01 04:06:31.703202
808,1080,Port Elizabeth DC,5428,985,5997,153069.6,16,2025-09-01 04:06:31.703225
809,1082,Port Elizabeth DC,9578,790,13369,414152.72,7,2025-09-01 04:06:31.703250
810,1083,Port Elizabeth DC,3359,628,7361,122066.06,72,2025-09-01 04:06:31.703276
811,1084,Port Elizabeth DC,8115,239,8662,354787.8,87,2025-09-01 04:06:31.703303
812,1085,Port Elizabeth DC,2535,408,15293,76252.8,40,2025-09-01 04:06:31.703328
813,1086,Port Elizabeth DC,105,924,12945,2720.55,80,2025-09-01 04:06:31.703354
814,1090,Port Elizabeth DC,3288,217,6100,81509.52,1,2025-09-01 04:06:31.703379
815,1092,Port Elizabeth DC,2507,718,19416,29783.16,16,2025-09-01 04:06:31.703403
816,1093,Port Elizabeth DC,8516,199,9050,66424.8,27,2025-09-01 04:06:31.703426
817,1094,Port Elizabeth DC,1697,585,5403,75737.11,65,2025-09-01 04:06:31.703449
818,1095,Port Elizabeth DC,7271,500,5911,282914.61,16,2025-09-01 04:06:31.703473
819,1096,Port Elizabeth DC,4913,514,12925,73056.31,24,2025-09-01 04:06:31.703496
820,1098,Port Elizabeth DC,3849,961,18889,111774.96,70,2025-09-01 04:06:31.703520
821,1099,Port Elizabeth DC,4264,941,15039,144634.88,88,2025-09-01 04:06:31.703543
822,1101,Port Elizabeth DC,7194,979,15783,343873.2,79,2025-09-01 04:06:31.703566
823,1102,Port Elizabeth DC,2018,542,7396,59066.86,82,2025-09-01 04:06:31.703590
824,1103,Port Elizabeth DC,354,289,7321,17020.32,85,2025-09-01 04:06:31.703613
825,1104,Port Elizabeth DC,3943,274,13380,23342.56,90,2025-09-01 04:06:31.703636
826,1105,Port Elizabeth DC,8956,305,12801,326714.88,62,2025-09-01 04:06:31.703659
827,1106,Port Elizabeth DC,4751,396,15936,198924.37,13,2025-09-01 04:06:31.703683
828,1107,Port Elizabeth DC,9646,604,11018,298157.86,86,2025-09-01 04:06:31.703707
829,1108,Port Elizabeth DC,4508,500,11321,162648.64,90,2025-09-01 04:06:31.703748
830,1109,Port Elizabeth DC,1758,575,11830,62918.82,55,2025-09-01 04:06:31.703773
831,1110,Port Elizabeth DC,2427,128,9643,58927.56,59,2025-09-01 04:06:31.703797
832,1111,Port Elizabeth DC,1968,677,11380,85076.64,2,2025-09-01 04:06:31.703821
833,1112,Port Elizabeth DC,9511,410,5558,429136.32,83,2025-09-01 04:06:31.703844
834,1114,Port Elizabeth DC,7282,143,19878,307009.12,46,2025-09-01 04:06:31.703868
835,1116,Port Elizabeth DC,2282,579,19457,74073.72,59,2025-09-01 04:06:31.703892
836,1117,Port Elizabeth DC,4536,109,7593,122199.84,46,2025-09-01 04:06:31.703916
837,1118,Port Elizabeth DC,8202,976,19106,299783.1,65,2025-09-01 04:06:31.703939
838,1120,Port Elizabeth DC,3453,457,19787,127864.59,68,2025-09-01 04:06:31.703963
839,1122,Port Elizabeth DC,6399,625,6028,184867.11,23,2025-09-01 04:06:31.703986
840,1123,Port Elizabeth DC,2480,460,15746,90842.4,73,2025-09-01 04:06:31.704010
841,1124,Port Elizabeth DC,5558,570,16717,57692.04,18,2025-09-01 04:06:31.704033
842,1125,Port Elizabeth DC,4560,903,17494,174374.4,85,2025-09-01 04:06:31.704057
843,1126,Port Elizabeth DC,4963,503,6117,210778.61,83,2025-09-01 04:06:31.704080
844,1127,Port Elizabeth DC,7925,485,12729,230142.0,78,2025-09-01 04:06:31.704104
845,1128,Port Elizabeth DC,2955,689,16608,140303.4,65,2025-09-01 04:06:31.704131
846,1130,Port Elizabeth DC,8608,365,7120,361536.0,90,2025-09-01 04:06:31.704158
847,1131,Port Elizabeth DC,5309,702,14514,62168.39,45,2025-09-01 04:06:31.704184
848,1132,Port Elizabeth DC,9576,732,18596,288333.36,52,2025-09-01 04:06:31.704207
849,1133,Port Elizabeth DC,1107,146,5483,50789.16,21,2025-09-01 04:06:31.704230
850,1134,Port Elizabeth DC,3796,198,15899,125078.2,14,2025-09-01 04:06:31.704254
851,1135,Port Elizabeth DC,8182,795,12805,118639.0,42,2025-09-01 04:06:31.704277
852,1138,Port Elizabeth DC,3793,890,18247,58791.5,31,2025-09-01 04:06:31.704301
853,1139,Port Elizabeth DC,1727,278,16930,17546.32,50,2025-09-01 04:06:31.704324
854,1140,Port Elizabeth DC,6882,165,6014,85818.54,79,2025-09-01 04:06:31.704348
855,1141,Port Elizabeth DC,4103,217,5613,43491.8,10,2025-09-01 04:06:31.704371
856,1142,Port Elizabeth DC,7234,881,11132,62357.08,78,2025-09-01 04:06:31.704394
857,1143,Port Elizabeth DC,482,278,10261,7842.14,14,2025-09-01 04:06:31.704418
858,1144,Port Elizabeth DC,7364,486,7182,259581.0,82,2025-09-01 04:06:31.704441
859,1149,Port Elizabeth DC,9400,669,8272,180010.0,26,2025-09-01 04:06:31.704464
860,1150,Port Elizabeth DC,4136,602,12168,182480.32,87,2025-09-01 04:06:31.704487
861,1151,Port Elizabeth DC,4687,330,8296,116659.43,21,2025-09-01 04:06:31.704511
862,1152,Port Elizabeth DC,7111,933,13659,175783.92,25,2025-09-01 04:06:31.704535
863,1153,Port Elizabeth DC,1409,696,5397,17091.17,81,2025-09-01 04:06:31.704558
864,1154,Port Elizabeth DC,1576,308,5544,78248.4,18,2025-09-01 04:06:31.704581
865,1156,Port Elizabeth DC,85,468,17687,1357.45,53,2025-09-01 04:06:31.704604
866,1157,Port Elizabeth DC,9310,659,19163,75783.4,10,2025-09-01 04:06:31.704627
867,1163,Port Elizabeth DC,5582,289,16179,59615.76,83,2025-09-01 04:06:31.704650
868,1165,Port Elizabeth DC,8653,608,8115,298268.91,27,2025-09-01 04:06:31.704674
869,1166,Port Elizabeth DC,9344,947,12761,308819.2,65,2025-09-01 04:06:31.704696
870,1168,Port Elizabeth DC,5768,465,15133,169290.8,72,2025-09-01 04:06:31.704719
871,1169,Port Elizabeth DC,2258,920,6100,20480.06,57,2025-09-01 04:06:31.704759
872,1170,Port Elizabeth DC,7004,740,11162,87479.96,10,2025-09-01 04:06:31.704783
873,1171,Port Elizabeth DC,9324,180,7083,70209.72,67,2025-09-01 04:06:31.704806
874,1173,Port Elizabeth DC,4886,203,6932,174625.64,64,2025-09-01 04:06:31.704829
875,1175,Port Elizabeth DC,3777,152,14854,134045.73,70,2025-09-01 04:06:31.704853
876,1176,Port Elizabeth DC,5421,123,8670,261780.09,38,2025-09-01 04:06:31.704876
877,1177,Port Elizabeth DC,4118,499,16522,178721.2,46,2025-09-01 04:06:31.704902
878,1180,Port Elizabeth DC,1113,993,19278,45577.35,21,2025-09-01 04:06:31.704928
879,1181,Port Elizabeth DC,4719,176,13755,76825.32,74,2025-09-01 04:06:31.704955
880,1183,Port Elizabeth DC,3955,973,13482,122921.4,79,2025-09-01 04:06:31.704979
881,1184,Port Elizabeth DC,8192,419,11540,115015.68,80,2025-09-01 04:06:31.705004
882,1185,Port Elizabeth DC,928,659,16428,11507.2,15,2025-09-01 04:06:31.705029
883,1186,Port Elizabeth DC,9548,582,9309,421735.16,84,2025-09-01 04:06:31.705054
884,1188,Port Elizabeth DC,491,133,10538,20234.11,54,2025-09-01 04:06:31.705077
885,1191,Port Elizabeth DC,4274,305,10481,191432.46,8,2025-09-01 04:06:31.705101
886,1193,Port Elizabeth DC,2282,309,13963,16065.28,43,2025-09-01 04:06:31.705125
887,1195,Port Elizabeth DC,1021,341,13086,35193.87,10,2025-09-01 04:06:31.705150
888,1196,Port Elizabeth DC,9238,724,16519,333122.28,5,2025-09-01 04:06:31.705176
889,1197,Port Elizabeth DC,5666,172,11819,278427.24,77,2025-09-01 04:06:31.705203
890,1198,Port Elizabeth DC,1320,664,12844,17872.8,17,2025-09-01 04:06:31.705229
891,1199,Port Elizabeth DC,4432,840,5683,149712.96,14,2025-09-01 04:06:31.705255
892,1200,Port Elizabeth DC,583,608,13316,28858.5,29,2025-09-01 04:06:31.705279
893,1201,Port Elizabeth DC,5738,541,12824,84463.36,39,2025-09-01 04:06:31.705303
894,1202,Port Elizabeth DC,3731,121,5906,169835.12,4,2025-09-01 04:06:31.705326
895,1203,Port Elizabeth DC,3214,647,14963,111686.5,49,2025-09-01 04:06:31.705350
896,1205,Port Elizabeth DC,296,665,12899,2992.56,7,2025-09-01 04:06:31.705373
897,1206,Port Elizabeth DC,6342,884,11180,175483.14,90,2025-09-01 04:06:31.705397
898,1208,Port Elizabeth DC,2051,540,16490,20222.86,55,2025-09-01 04:06:31.705420
899,1209,Port Elizabeth DC,9003,241,6893,291427.11,57,2025-09-01 04:06:31.705443
900,1211,Port Elizabeth DC,1933,730,19803,78653.77,48,2025-09-01 04:06:31.705467
901,1213,Port Elizabeth DC,5763,298,10621,218014.29,56,2025-09-01 04:06:31.705491
902,1214,Port Elizabeth DC,949,343,8801,45466.59,12,2025-09-01 04:06:31.705514
903,1215,Port Elizabeth DC,9643,110,8721,85244.12,53,2025-09-01 04:06:31.705537
904,1216,Port Elizabeth DC,8785,681,5750,95405.1,2,2025-09-01 04:06:31.705561
905,1218,Port Elizabeth DC,4094,932,5931,131089.88,10,2025-09-01 04:06:31.705584
906,1219,Port Elizabeth DC,928,229,12185,32062.4,24,2025-09-01 04:06:31.705608
907,1220,Port Elizabeth DC,4630,144,10146,81210.2,45,2025-09-01 04:06:31.705631
908,1221,Port Elizabeth DC,9869,770,19588,461967.89,32,2025-09-01 04:06:31.705654
909,1222,Port Elizabeth DC,4790,232,14930,188294.9,51,2025-09-01 04:06:31.705677
910,1223,Port Elizabeth DC,7843,773,7005,89802.35,85,2025-09-01 04:06:31.705700
911,1224,Port Elizabeth DC,1258,178,9099,48533.64,70,2025-09-01 04:06:31.705723
912,1225,Port Elizabeth DC,3372,606,16554,73003.8,46,2025-09-01 04:06:31.705763
913,1226,Port Elizabeth DC,3609,554,16683,43596.72,39,2025-09-01 04:06:31.705787
914,1227,Port Elizabeth DC,6011,898,14034,209122.69,38,2025-09-01 04:06:31.705810
915,1229,Port Elizabeth DC,4001,639,19630,140115.02,35,2025-09-01 04:06:31.705834
916,1230,Port Elizabeth DC,5224,814,13870,74180.8,65,2025-09-01 04:06:31.705857
917,1231,Port Elizabeth DC,1710,155,10679,17784.0,53,2025-09-01 04:06:31.705880
918,1232,Port Elizabeth DC,7966,386,6285,230775.02,27,2025-09-01 04:06:31.705903
919,1236,Port Elizabeth DC,2246,961,13535,80923.38,30,2025-09-01 04:06:31.705927
920,1237,Port Elizabeth DC,4996,859,14059,122951.56,27,2025-09-01 04:06:31.705951
921,1238,Port Elizabeth DC,2011,481,16876,40783.08,19,2025-09-01 04:06:31.705974
922,1239,Port Elizabeth DC,587,340,16441,12162.64,57,2025-09-01 04:06:31.705998
923,1240,Port Elizabeth DC,7434,216,5348,71589.42,64,2025-09-01 04:06:31.706021
924,1242,Port Elizabeth DC,553,376,9554,25764.27,76,2025-09-01 04:06:31.706044
925,1244,Port Elizabeth DC,6294,407,18552,210282.54,11,2025-09-01 04:06:31.706067
926,1245,Port Elizabeth DC,978,385,19001,8156.52,79,2025-09-01 04:06:31.706090
927,1247,Port Elizabeth DC,6290,607,5308,188322.6,49,2025-09-01 04:06:31.706113
928,1248,Port Elizabeth DC,6302,554,5727,203113.46,29,2025-09-01 04:06:31.706137
929,1249,Port Elizabeth DC,3370,488,8021,153200.2,85,2025-09-01 04:06:31.706159
930,1250,Port Elizabeth DC,7062,645,5856,114051.3,85,2025-09-01 04:06:31.706182
931,1251,Port Elizabeth DC,4999,132,13872,108878.22,45,2025-09-01 04:06:31.706206
932,1253,Port Elizabeth DC,425,723,17361,6944.5,44,2025-09-01 04:06:31.706229
933,1256,Port Elizabeth DC,4301,929,17342,174706.62,76,2025-09-01 04:06:31.706253
934,1257,Port Elizabeth DC,3547,875,5448,124747.99,44,2025-09-01 04:06:31.706278
935,1258,Port Elizabeth DC,7111,986,12004,144922.18,8,2025-09-01 04:06:31.706303
936,1259,Port Elizabeth DC,1789,666,11358,15152.83,87,2025-09-01 04:06:31.706328
937,1261,Port Elizabeth DC,4709,979,13761,61876.26,60,2025-09-01 04:06:31.706352
938,1262,Port Elizabeth DC,6944,686,16783,171516.8,73,2025-09-01 04:06:31.706375
939,1263,Port Elizabeth DC,8501,366,7663,276112.48,49,2025-09-01 04:06:31.706398
940,1266,Port Elizabeth DC,7656,863,8903,319714.56,17,2025-09-01 04:06:31.706422
941,1267,Port Elizabeth DC,248,387,18100,8394.8,88,2025-09-01 04:06:31.706445
942,1269,Port Elizabeth DC,4495,187,9094,213917.05,70,2025-09-01 04:06:31.706469
943,1270,Port Elizabeth DC,4846,445,14356,35860.4,51,2025-09-01 04:06:31.706493
944,1271,Port Elizabeth DC,632,730,9493,9543.2,47,2025-09-01 04:06:31.706517
945,1272,Port Elizabeth DC,4403,775,9104,29588.16,84,2025-09-01 04:06:31.706540
946,1273,Port Elizabeth DC,9961,112,7036,366066.75,40,2025-09-01 04:06:31.706564
947,1278,Port Elizabeth DC,9313,776,10259,304255.71,34,2025-09-01 04:06:31.706587
948,1279,Port Elizabeth DC,2929,554,12581,140299.1,3,2025-09-01 04:06:31.706610
949,1280,Port Elizabeth DC,7207,109,12642,319270.1,5,2025-09-01 04:06:31.706634
950,1281,Port Elizabeth DC,5877,591,15448,33675.21,72,2025-09-01 04:06:31.706657
951,1282,Port Elizabeth DC,3569,518,5959,111317.11,75,2025-09-01 04:06:31.706680
952,1285,Port Elizabeth DC,1303,383,19697,23714.6,79,2025-09-01 04:06:31.706703
953,1286,Port Elizabeth DC,9034,421,6049,254668.46,57,2025-09-01 04:06:31.706753
954,1287,Port Elizabeth DC,2945,364,17549,100453.95,36,2025-09-01 04:06:31.706824
955,1289,Port Elizabeth DC,4252,989,13108,207582.64,17,2025-09-01 04:06:31.706858
956,1290,Port Elizabeth DC,3726,745,7858,32490.72,19,2025-09-01 04:06:31.706882
957,1291,Port Elizabeth DC,812,338,6875,14794.64,84,2025-09-01 04:06:31.706906
958,1295,Port Elizabeth DC,630,288,16213,17696.7,65,2025-09-01 04:06:31.706929
959,1296,Port Elizabeth DC,7214,693,10199,233300.76,6,2025-09-01 04:06:31.706953
960,1297,Port Elizabeth DC,9067,834,8734,362952.01,8,2025-09-01 04:06:31.706977
961,1298,Port Elizabeth DC,4244,363,5264,107161.0,87,2025-09-01 04:06:31.707000
962,1299,Port Elizabeth DC,5789,653,16768,64836.8,6,2025-09-01 04:06:31.707024
963,1301,Port Elizabeth DC,9839,340,10729,392280.93,14,2025-09-01 04:06:31.707047
964,1302,Port Elizabeth DC,1269,619,12271,58678.56,15,2025-09-01 04:06:31.707070
965,1303,Port Elizabeth DC,8372,179,8882,380423.68,27,2025-09-01 04:06:31.707094
966,1304,Port Elizabeth DC,5337,684,11084,110102.31,88,2025-09-01 04:06:31.707117
967,1305,Port Elizabeth DC,6815,173,15516,82393.35,55,2025-09-01 04:06:31.707141
968,1306,Port Elizabeth DC,4638,246,5404,98650.26,42,2025-09-01 04:06:31.707164
969,1307,Port Elizabeth DC,9944,907,10902,403428.08,43,2025-09-01 04:06:31.707187
970,1308,Port Elizabeth DC,6686,767,11139,329218.64,61,2025-09-01 04:06:31.707210
971,1310,Port Elizabeth DC,4817,736,5510,148700.79,21,2025-09-01 04:06:31.707234
972,1311,Port Elizabeth DC,6034,145,9765,156642.64,20,2025-09-01 04:06:31.707257
973,1312,Port Elizabeth DC,9686,126,6740,469577.28,78,2025-09-01 04:06:31.707280
974,1313,Port Elizabeth DC,3464,927,10129,42988.24,66,2025-09-01 04:06:31.707304
975,1314,Port Elizabeth DC,8326,902,14527,376918.02,45,2025-09-01 04:06:31.707328
976,1315,Port Elizabeth DC,3520,487,18610,116617.6,75,2025-09-01 04:06:31.707351
977,1316,Port Elizabeth DC,534,772,16899,18497.76,20,2025-09-01 04:06:31.707374
978,1317,Port Elizabeth DC,6243,880,15636,273880.41,11,2025-09-01 04:06:31.707398
979,1318,Port Elizabeth DC,1266,329,14263,18344.34,65,2025-09-01 04:06:31.707421
980,1319,Port Elizabeth DC,9411,745,13982,278095.05,54,2025-09-01 04:06:31.707444
981,1320,Port Elizabeth DC,8830,850,6986,364943.9,68,2025-09-01 04:06:31.707468
982,1321,Port Elizabeth DC,842,721,12738,20864.76,85,2025-09-01 04:06:31.707492
983,1322,Port Elizabeth DC,8592,632,12225,376071.84,41,2025-09-01 04:06:31.707516
984,1325,Port Elizabeth DC,4410,299,18697,144162.9,74,2025-09-01 04:06:31.707539
985,1329,Port Elizabeth DC,4801,349,10385,214652.71,32,2025-09-01 04:06:31.707563
986,1331,Port Elizabeth DC,5930,336,12468,41747.2,41,2025-09-01 04:06:31.707586
987,1332,Port Elizabeth DC,1890,809,8949,42317.1,57,2025-09-01 04:06:31.707610
988,1333,Port Elizabeth DC,6716,470,6305,328278.08,46,2025-09-01 04:06:31.707633
989,1334,Port Elizabeth DC,9182,617,6252,105501.18,47,2025-09-01 04:06:31.707656
990,1336,Port Elizabeth DC,7932,719,8774,358447.08,58,2025-09-01 04:06:31.707679
991,1337,Port Elizabeth DC,6862,335,14328,340217.96,17,2025-09-01 04:06:31.707703
992,1338,Port Elizabeth DC,8808,350,17721,372314.16,53,2025-09-01 04:06:31.707745
993,1000,Pretoria DC,9580,781,7263,367584.6,78,2025-09-01 04:06:31.708328
994,1001,Pretoria DC,4264,914,9700,163439.12,44,2025-09-01 04:06:31.708362
995,1002,Pretoria DC,5142,220,6335,76307.28,53,2025-09-01 04:06:31.708392
996,1003,Pretoria DC,6898,617,7431,236187.52,74,2025-09-01 04:06:31.708417
997,1004,Pretoria DC,8096,747,19441,334040.96,26,2025-09-01 04:06:31.708442
998,1005,Pretoria DC,2947,997,12439,141662.29,2,2025-09-01 04:06:31.708466
999,1007,Pretoria DC,2732,223,11858,29013.84,34,2025-09-01 04:06:31.708489
1000,1008,Pretoria DC,9086,828,12698,302472.94,13,2025-09-01 04:06:31.708515
1001,1009,Pretoria DC,2070,990,5558,16829.1,56,2025-09-01 04:06:31.708540
1002,1010,Pretoria DC,392,806,7735,6863.92,10,2025-09-01 04:06:31.708564
1003,1011,Pretoria DC,2168,627,19202,31284.24,68,2025-09-01 04:06:31.708587
1004,1012,Pretoria DC,6358,532,10805,240395.98,17,2025-09-01 04:06:31.708612
1005,1013,Pretoria DC,6591,813,14124,129117.69,31,2025-09-01 04:06:31.708638
1006,1014,Pretoria DC,4806,221,10518,92275.2,44,2025-09-01 04:06:31.708663
1007,1015,Pretoria DC,9690,723,15102,266184.3,14,2025-09-01 04:06:31.708688
1008,1019,Pretoria DC,741,175,17103,5824.26,46,2025-09-01 04:06:31.708713
1009,1020,Pretoria DC,7354,518,15335,275260.22,58,2025-09-01 04:06:31.708752
1010,1022,Pretoria DC,7138,396,17413,316998.58,62,2025-09-01 04:06:31.708781
1011,1023,Pretoria DC,2205,851,8005,101584.35,76,2025-09-01 04:06:31.708808
1012,1024,Pretoria DC,8345,185,7494,328041.95,1,2025-09-01 04:06:31.708833
1013,1025,Pretoria DC,9724,707,11060,57177.12,87,2025-09-01 04:06:31.708858
1014,1027,Pretoria DC,7430,488,10250,215247.1,57,2025-09-01 04:06:31.708884
1015,1028,Pretoria DC,2895,620,16837,83231.25,76,2025-09-01 04:06:31.708908
1016,1030,Pretoria DC,4576,891,6587,73948.16,30,2025-09-01 04:06:31.708933
1017,1031,Pretoria DC,4871,605,10588,72626.61,7,2025-09-01 04:06:31.708958
1018,1032,Pretoria DC,9242,630,19701,422729.08,68,2025-09-01 04:06:31.708983
1019,1034,Pretoria DC,9499,620,18829,382904.69,55,2025-09-01 04:06:31.709007
1020,1035,Pretoria DC,4673,430,11292,114021.2,41,2025-09-01 04:06:31.709030
1021,1036,Pretoria DC,2923,246,5687,100580.43,27,2025-09-01 04:06:31.709054
1022,1037,Pretoria DC,7053,631,9558,96061.86,74,2025-09-01 04:06:31.709077
1023,1038,Pretoria DC,5150,201,10690,132973.0,37,2025-09-01 04:06:31.709101
1024,1039,Pretoria DC,2713,221,9716,135568.61,36,2025-09-01 04:06:31.709125
1025,1040,Pretoria DC,7973,549,8664,185691.17,22,2025-09-01 04:06:31.709148
1026,1043,Pretoria DC,4726,365,14931,64037.3,14,2025-09-01 04:06:31.709171
1027,1044,Pretoria DC,3795,782,9565,72522.45,19,2025-09-01 04:06:31.709194
1028,1045,Pretoria DC,1572,311,14046,75833.28,66,2025-09-01 04:06:31.709218
1029,1046,Pretoria DC,2766,128,14804,28738.74,6,2025-09-01 04:06:31.709241
1030,1047,Pretoria DC,8844,650,18090,76854.36,25,2025-09-01 04:06:31.709266
1031,1050,Pretoria DC,109,600,18639,5442.37,4,2025-09-01 04:06:31.709292
1032,1051,Pretoria DC,6054,308,9617,102494.22,74,2025-09-01 04:06:31.709317
1033,1052,Pretoria DC,6987,849,12288,172718.64,67,2025-09-01 04:06:31.709342
1034,1053,Pretoria DC,2067,950,12435,86338.59,38,2025-09-01 04:06:31.709365
1035,1054,Pretoria DC,1795,833,16572,18291.05,16,2025-09-01 04:06:31.709388
1036,1055,Pretoria DC,7281,542,13081,234593.82,34,2025-09-01 04:06:31.709412
1037,1057,Pretoria DC,1423,985,7241,24831.35,36,2025-09-01 04:06:31.709435
1038,1058,Pretoria DC,1908,462,18166,73190.88,11,2025-09-01 04:06:31.709458
1039,1059,Pretoria DC,3644,844,6218,30573.16,42,2025-09-01 04:06:31.709482
1040,1060,Pretoria DC,2567,619,10494,55472.87,36,2025-09-01 04:06:31.709505
1041,1061,Pretoria DC,7429,745,17050,337648.05,66,2025-09-01 04:06:31.709528
1042,1063,Pretoria DC,1213,823,16271,46979.49,41,2025-09-01 04:06:31.709552
1043,1064,Pretoria DC,628,543,6645,26049.44,67,2025-09-01 04:06:31.709575
1044,1065,Pretoria DC,5202,294,18786,182850.3,72,2025-09-01 04:06:31.709598
1045,1067,Pretoria DC,583,749,15277,8150.34,2,2025-09-01 04:06:31.709622
1046,1068,Pretoria DC,4029,240,14606,24415.74,49,2025-09-01 04:06:31.709647
1047,1069,Pretoria DC,3607,789,8205,63338.92,34,2025-09-01 04:06:31.709673
1048,1070,Pretoria DC,7702,255,12938,342507.94,24,2025-09-01 04:06:31.709700
1049,1071,Pretoria DC,8138,389,7159,259195.3,26,2025-09-01 04:06:31.709726
1050,1072,Pretoria DC,1453,628,19043,19688.15,28,2025-09-01 04:06:31.709761
1051,1073,Pretoria DC,52,544,6102,1269.32,63,2025-09-01 04:06:31.709787
1052,1074,Pretoria DC,9137,725,8416,394352.92,23,2025-09-01 04:06:31.709813
1053,1075,Pretoria DC,635,528,16271,14846.3,34,2025-09-01 04:06:31.709839
1054,1076,Pretoria DC,6230,746,14566,149021.6,31,2025-09-01 04:06:31.709866
1055,1079,Pretoria DC,5713,595,13691,83524.06,85,2025-09-01 04:06:31.709891
1056,1080,Pretoria DC,2950,998,9916,83190.0,30,2025-09-01 04:06:31.709916
1057,1082,Pretoria DC,4786,784,12947,206946.64,63,2025-09-01 04:06:31.709941
1058,1083,Pretoria DC,6425,712,10851,233484.5,70,2025-09-01 04:06:31.709966
1059,1084,Pretoria DC,7880,402,6581,344513.6,29,2025-09-01 04:06:31.709991
1060,1085,Pretoria DC,1841,873,17516,55377.28,37,2025-09-01 04:06:31.710015
1061,1086,Pretoria DC,6874,557,10331,178105.34,32,2025-09-01 04:06:31.710038
1062,1090,Pretoria DC,6960,218,7886,172538.4,60,2025-09-01 04:06:31.710062
1063,1092,Pretoria DC,5224,776,6860,62061.12,45,2025-09-01 04:06:31.710085
1064,1093,Pretoria DC,6522,821,7098,50871.6,62,2025-09-01 04:06:31.710109
1065,1094,Pretoria DC,8014,715,11750,357664.82,88,2025-09-01 04:06:31.710134
1066,1095,Pretoria DC,3847,129,9766,149686.77,35,2025-09-01 04:06:31.710160
1067,1096,Pretoria DC,8314,320,19578,123629.18,53,2025-09-01 04:06:31.710187
1068,1098,Pretoria DC,996,675,17645,28923.84,42,2025-09-01 04:06:31.710212
1069,1099,Pretoria DC,4286,791,10203,145381.12,53,2025-09-01 04:06:31.710239
1070,1101,Pretoria DC,6412,928,12240,306493.6,55,2025-09-01 04:06:31.710263
1071,1102,Pretoria DC,6531,366,19948,191162.37,7,2025-09-01 04:06:31.710287
1072,1103,Pretoria DC,4396,597,16930,211359.68,29,2025-09-01 04:06:31.710310
1073,1104,Pretoria DC,5567,751,18410,32956.64,6,2025-09-01 04:06:31.710333
1074,1105,Pretoria DC,5054,558,11714,184369.92,29,2025-09-01 04:06:31.710357
1075,1106,Pretoria DC,9379,996,7728,392698.73,69,2025-09-01 04:06:31.710380
1076,1107,Pretoria DC,3378,898,15244,104413.98,15,2025-09-01 04:06:31.710403
1077,1108,Pretoria DC,5401,232,14911,194868.08,70,2025-09-01 04:06:31.710429
1078,1109,Pretoria DC,326,839,5345,11667.54,49,2025-09-01 04:06:31.710455
1079,1110,Pretoria DC,1478,899,16546,35885.84,43,2025-09-01 04:06:31.710482
1080,1111,Pretoria DC,5778,885,17550,249782.94,71,2025-09-01 04:06:31.710507
1081,1112,Pretoria DC,1039,770,5806,46879.68,67,2025-09-01 04:06:31.710531
1082,1114,Pretoria DC,3448,470,13773,145367.68,26,2025-09-01 04:06:31.710554
1083,1116,Pretoria DC,2572,958,13776,83487.12,51,2025-09-01 04:06:31.710580
1084,1117,Pretoria DC,3757,397,18128,101213.58,21,2025-09-01 04:06:31.710608
1085,1118,Pretoria DC,6125,439,11773,223868.75,28,2025-09-01 04:06:31.710632
1086,1120,Pretoria DC,9059,850,9074,335454.77,2,2025-09-01 04:06:31.710656
1087,1122,Pretoria DC,591,965,5328,17073.99,68,2025-09-01 04:06:31.710680
1088,1123,Pretoria DC,1679,613,11519,61501.77,63,2025-09-01 04:06:31.710705
1089,1124,Pretoria DC,692,260,9638,7182.96,39,2025-09-01 04:06:31.710744
1090,1125,Pretoria DC,397,335,15347,15181.28,89,2025-09-01 04:06:31.710771
1091,1126,Pretoria DC,4051,134,9463,172045.97,16,2025-09-01 04:06:31.710796
1092,1127,Pretoria DC,6190,771,11565,179757.6,17,2025-09-01 04:06:31.710821
1093,1128,Pretoria DC,4423,982,6391,210004.04,10,2025-09-01 04:06:31.710847
1094,1130,Pretoria DC,1210,616,16831,50820.0,54,2025-09-01 04:06:31.710874
1095,1131,Pretoria DC,330,115,17167,3864.3,70,2025-09-01 04:06:31.710899
1096,1132,Pretoria DC,9910,255,6565,298390.1,76,2025-09-01 04:06:31.710924
1097,1133,Pretoria DC,6408,298,18622,293999.04,78,2025-09-01 04:06:31.710947
1098,1134,Pretoria DC,5114,903,10303,168506.3,55,2025-09-01 04:06:31.710973
1099,1135,Pretoria DC,8394,861,5383,121713.0,39,2025-09-01 04:06:31.710998
1100,1138,Pretoria DC,4490,569,8320,69595.0,13,2025-09-01 04:06:31.711024
1101,1139,Pretoria DC,4329,771,14440,43982.64,61,2025-09-01 04:06:31.711048
1102,1140,Pretoria DC,6169,398,12037,76927.43,12,2025-09-01 04:06:31.711076
1103,1141,Pretoria DC,3641,516,14191,38594.6,36,2025-09-01 04:06:31.711102
1104,1142,Pretoria DC,7919,391,19871,68261.78,90,2025-09-01 04:06:31.711126
1105,1143,Pretoria DC,8736,618,9007,142134.72,49,2025-09-01 04:06:31.711153
1106,1144,Pretoria DC,282,608,16920,9940.5,51,2025-09-01 04:06:31.711179
1107,1149,Pretoria DC,6106,881,13955,116929.9,14,2025-09-01 04:06:31.711203
1108,1150,Pretoria DC,7409,329,14467,326885.08,4,2025-09-01 04:06:31.711226
1109,1151,Pretoria DC,6510,889,8802,162033.9,58,2025-09-01 04:06:31.711250
1110,1152,Pretoria DC,6059,588,14226,149778.48,14,2025-09-01 04:06:31.711274
1111,1153,Pretoria DC,5089,440,7355,61729.57,81,2025-09-01 04:06:31.711299
1112,1154,Pretoria DC,1370,197,14189,68020.5,22,2025-09-01 04:06:31.711324
1113,1156,Pretoria DC,3402,985,13025,54329.94,76,2025-09-01 04:06:31.711350
1114,1157,Pretoria DC,4095,185,7315,33333.3,52,2025-09-01 04:06:31.711383
1115,1163,Pretoria DC,7758,635,16846,82855.44,73,2025-09-01 04:06:31.711409
1116,1165,Pretoria DC,3808,160,17573,131261.76,64,2025-09-01 04:06:31.711434
1117,1166,Pretoria DC,4129,521,10102,136463.45,44,2025-09-01 04:06:31.711459
1118,1168,Pretoria DC,2467,137,10266,72406.45,89,2025-09-01 04:06:31.711484
1119,1169,Pretoria DC,9262,713,11660,84006.34,1,2025-09-01 04:06:31.711510
1120,1170,Pretoria DC,4393,806,8427,54868.57,72,2025-09-01 04:06:31.711535
1121,1171,Pretoria DC,8007,658,13188,60292.71,41,2025-09-01 04:06:31.711559
1122,1173,Pretoria DC,3862,429,12559,138027.88,62,2025-09-01 04:06:31.711583
1123,1175,Pretoria DC,8428,668,19068,299109.72,11,2025-09-01 04:06:31.711606
1124,1176,Pretoria DC,1721,535,16456,83107.09,10,2025-09-01 04:06:31.711630
1125,1177,Pretoria DC,6155,230,17400,267127.0,2,2025-09-01 04:06:31.711654
1126,1180,Pretoria DC,2655,632,17257,108722.25,16,2025-09-01 04:06:31.711678
1127,1181,Pretoria DC,2722,302,12169,44314.16,15,2025-09-01 04:06:31.711702
1128,1183,Pretoria DC,639,534,13113,19860.12,22,2025-09-01 04:06:31.711738
1129,1184,Pretoria DC,8594,598,7291,120659.76,71,2025-09-01 04:06:31.711765
1130,1185,Pretoria DC,6850,508,5151,84940.0,38,2025-09-01 04:06:31.711792
1131,1186,Pretoria DC,1926,545,9820,85071.42,87,2025-09-01 04:06:31.711817
1132,1188,Pretoria DC,4441,635,10281,183013.61,79,2025-09-01 04:06:31.711842
1133,1191,Pretoria DC,6088,677,15653,272681.52,22,2025-09-01 04:06:31.711868
1134,1193,Pretoria DC,2318,397,13572,16318.72,88,2025-09-01 04:06:31.711893
1135,1195,Pretoria DC,3349,922,15059,115440.03,48,2025-09-01 04:06:31.711918
1136,1196,Pretoria DC,8509,719,9116,306834.54,61,2025-09-01 04:06:31.711942
1137,1197,Pretoria DC,7583,315,10409,372628.62,18,2025-09-01 04:06:31.711966
1138,1198,Pretoria DC,2690,636,16715,36422.6,61,2025-09-01 04:06:31.711989
1139,1199,Pretoria DC,160,425,11820,5404.8,23,2025-09-01 04:06:31.712012
1140,1200,Pretoria DC,2463,581,6098,121918.5,1,2025-09-01 04:06:31.712038
1141,1201,Pretoria DC,5109,818,8074,75204.48,26,2025-09-01 04:06:31.712064
1142,1202,Pretoria DC,1537,650,12513,69964.24,43,2025-09-01 04:06:31.712091
1143,1203,Pretoria DC,1551,162,15239,53897.25,60,2025-09-01 04:06:31.712116
1144,1205,Pretoria DC,9739,260,6093,98461.29,45,2025-09-01 04:06:31.712141
1145,1206,Pretoria DC,9161,331,10651,253484.87,81,2025-09-01 04:06:31.712166
1146,1208,Pretoria DC,231,297,9498,2277.66,37,2025-09-01 04:06:31.712191
1147,1209,Pretoria DC,6982,698,16949,226007.34,40,2025-09-01 04:06:31.712215
1148,1211,Pretoria DC,6017,739,17566,244831.73,52,2025-09-01 04:06:31.712242
1149,1213,Pretoria DC,4173,674,13864,157864.59,83,2025-09-01 04:06:31.712268
1150,1214,Pretoria DC,3319,179,14709,159013.29,20,2025-09-01 04:06:31.712291
1151,1215,Pretoria DC,1687,848,8546,14913.08,36,2025-09-01 04:06:31.712315
1152,1216,Pretoria DC,2921,369,14235,31722.06,14,2025-09-01 04:06:31.712340
1153,1218,Pretoria DC,2075,916,13557,66441.5,76,2025-09-01 04:06:31.712365
1154,1219,Pretoria DC,6274,438,14431,216766.7,76,2025-09-01 04:06:31.712388
1155,1220,Pretoria DC,9908,383,18226,173786.32,79,2025-09-01 04:06:31.712413
1156,1221,Pretoria DC,7756,314,7754,363058.36,1,2025-09-01 04:06:31.712440
1157,1222,Pretoria DC,3798,321,6496,149299.38,79,2025-09-01 04:06:31.712467
1158,1223,Pretoria DC,2400,246,7700,27480.0,61,2025-09-01 04:06:31.712493
1159,1224,Pretoria DC,4,431,6274,154.32,7,2025-09-01 04:06:31.712518
1160,1225,Pretoria DC,2244,623,18225,48582.6,57,2025-09-01 04:06:31.712543
1161,1226,Pretoria DC,6969,780,12728,84185.52,42,2025-09-01 04:06:31.712569
1162,1227,Pretoria DC,4957,612,17451,172454.03,16,2025-09-01 04:06:31.712593
1163,1229,Pretoria DC,3944,673,11442,138118.88,49,2025-09-01 04:06:31.712616
1164,1230,Pretoria DC,6316,823,12773,89687.2,46,2025-09-01 04:06:31.712641
1165,1231,Pretoria DC,5107,958,13552,53112.8,41,2025-09-01 04:06:31.712664
1166,1232,Pretoria DC,8694,180,19471,251865.18,78,2025-09-01 04:06:31.712688
1167,1236,Pretoria DC,3504,270,15383,126249.12,36,2025-09-01 04:06:31.712713
1168,1237,Pretoria DC,2341,960,12163,57612.01,72,2025-09-01 04:06:31.712750
1169,1238,Pretoria DC,7235,601,16388,146725.8,33,2025-09-01 04:06:31.712775
1170,1239,Pretoria DC,1970,671,19741,40818.4,56,2025-09-01 04:06:31.712799
1171,1240,Pretoria DC,5704,282,5414,54929.52,47,2025-09-01 04:06:31.712823
1172,1242,Pretoria DC,7636,889,15977,355761.24,45,2025-09-01 04:06:31.712846
1173,1244,Pretoria DC,6948,318,15108,232132.68,72,2025-09-01 04:06:31.712871
1174,1245,Pretoria DC,3129,491,11130,26095.86,23,2025-09-01 04:06:31.712894
1175,1247,Pretoria DC,174,300,12243,5209.56,47,2025-09-01 04:06:31.712918
1176,1248,Pretoria DC,8618,299,5091,277758.14,76,2025-09-01 04:06:31.712942
1177,1249,Pretoria DC,5085,436,6541,231164.1,48,2025-09-01 04:06:31.712965
1178,1250,Pretoria DC,4157,614,5212,67135.55,78,2025-09-01 04:06:31.712988
1179,1251,Pretoria DC,4473,134,15604,97421.94,36,2025-09-01 04:06:31.713011
1180,1253,Pretoria DC,7843,507,5719,128154.62,90,2025-09-01 04:06:31.713036
1181,1256,Pretoria DC,4145,380,15244,168369.9,8,2025-09-01 04:06:31.713062
1182,1257,Pretoria DC,9374,943,5498,329683.58,61,2025-09-01 04:06:31.713091
1183,1258,Pretoria DC,9954,747,12446,202862.52,63,2025-09-01 04:06:31.713115
1184,1259,Pretoria DC,2847,584,17286,24114.09,83,2025-09-01 04:06:31.713141
1185,1261,Pretoria DC,8938,926,6702,117445.32,5,2025-09-01 04:06:31.713166
1186,1262,Pretoria DC,6054,129,15042,149533.8,20,2025-09-01 04:06:31.713190
1187,1263,Pretoria DC,2898,991,18941,94127.04,17,2025-09-01 04:06:31.713214
1188,1266,Pretoria DC,1356,529,18665,56626.56,16,2025-09-01 04:06:31.713239
1189,1267,Pretoria DC,918,554,15444,31074.3,8,2025-09-01 04:06:31.713265
1190,1269,Pretoria DC,5148,199,19055,244993.32,70,2025-09-01 04:06:31.713289
1191,1270,Pretoria DC,4546,973,8181,33640.4,84,2025-09-01 04:06:31.713313
1192,1271,Pretoria DC,273,440,18717,4122.3,87,2025-09-01 04:06:31.713336
1193,1272,Pretoria DC,5185,826,7772,34843.2,76,2025-09-01 04:06:31.713359
1194,1273,Pretoria DC,6000,628,5232,220500.0,86,2025-09-01 04:06:31.713383
1195,1278,Pretoria DC,6605,526,18725,215785.35,86,2025-09-01 04:06:31.713408
1196,1279,Pretoria DC,1007,166,8161,48235.3,65,2025-09-01 04:06:31.713434
1197,1280,Pretoria DC,2416,846,9368,107028.8,11,2025-09-01 04:06:31.713459
1198,1281,Pretoria DC,2827,554,5729,16198.71,36,2025-09-01 04:06:31.713485
1199,1282,Pretoria DC,9970,303,16283,310964.3,65,2025-09-01 04:06:31.713511
1200,1285,Pretoria DC,6705,277,15408,122031.0,1,2025-09-01 04:06:31.713537
1201,1286,Pretoria DC,5098,380,14184,143712.62,45,2025-09-01 04:06:31.713561
1202,1287,Pretoria DC,1928,449,12639,65764.08,73,2025-09-01 04:06:31.713584
1203,1289,Pretoria DC,1410,679,12585,68836.2,12,2025-09-01 04:06:31.713608
1204,1290,Pretoria DC,1904,192,7990,16602.88,12,2025-09-01 04:06:31.713631
1205,1291,Pretoria DC,3041,425,14685,55407.02,81,2025-09-01 04:06:31.713655
1206,1295,Pretoria DC,329,885,7774,9241.61,2,2025-09-01 04:06:31.713680
1207,1296,Pretoria DC,3563,753,11136,115227.42,59,2025-09-01 04:06:31.713705
1208,1297,Pretoria DC,1331,998,16866,53279.93,32,2025-09-01 04:06:31.713761
1209,1298,Pretoria DC,5042,957,16155,127310.5,83,2025-09-01 04:06:31.713800
1210,1299,Pretoria DC,3130,865,17383,35056.0,17,2025-09-01 04:06:31.713827
1211,1301,Pretoria DC,5087,154,11214,202818.69,37,2025-09-01 04:06:31.713852
1212,1302,Pretoria DC,2916,385,7300,134835.84,73,2025-09-01 04:06:31.713886
1213,1303,Pretoria DC,5169,523,8702,234879.36,25,2025-09-01 04:06:31.713910
1214,1304,Pretoria DC,4469,304,7901,92195.47,38,2025-09-01 04:06:31.713936
1215,1305,Pretoria DC,4249,814,12202,51370.41,34,2025-09-01 04:06:31.713961
1216,1306,Pretoria DC,1514,601,10818,32202.78,75,2025-09-01 04:06:31.713986
1217,1307,Pretoria DC,5957,457,17654,241675.49,83,2025-09-01 04:06:31.714009
1218,1308,Pretoria DC,8569,560,18590,421937.56,81,2025-09-01 04:06:31.714032
1219,1310,Pretoria DC,2793,137,18676,86219.91,75,2025-09-01 04:06:31.714055
1220,1311,Pretoria DC,6318,259,13813,164015.28,73,2025-09-01 04:06:31.714080
1221,1312,Pretoria DC,3451,819,12108,167304.48,45,2025-09-01 04:06:31.714105
1222,1313,Pretoria DC,4729,312,10606,58686.89,90,2025-09-01 04:06:31.714129
1223,1314,Pretoria DC,8253,664,18596,373613.31,35,2025-09-01 04:06:31.714154
1224,1315,Pretoria DC,1486,625,17671,49231.18,27,2025-09-01 04:06:31.714180
1225,1316,Pretoria DC,4230,323,12662,146527.2,34,2025-09-01 04:06:31.714204
1226,1317,Pretoria DC,515,218,13471,22593.05,85,2025-09-01 04:06:31.714227
1227,1318,Pretoria DC,3054,586,7290,44252.46,60,2025-09-01 04:06:31.714251
1228,1319,Pretoria DC,9614,430,11099,284093.7,73,2025-09-01 04:06:31.714275
1229,1320,Pretoria DC,6191,774,14640,255874.03,5,2025-09-01 04:06:31.714298
1230,1321,Pretoria DC,5281,818,6713,130863.18,81,2025-09-01 04:06:31.714322
1231,1322,Pretoria DC,5879,990,19762,257323.83,2,2025-09-01 04:06:31.714347
1232,1325,Pretoria DC,2600,531,12790,84994.0,43,2025-09-01 04:06:31.714370
1233,1329,Pretoria DC,5516,763,19794,246620.36,13,2025-09-01 04:06:31.714396
1234,1331,Pretoria DC,3065,466,10018,21577.6,21,2025-09-01 04:06:31.714422
1235,1332,Pretoria DC,7648,659,8050,171238.72,3,2025-09-01 04:06:31.714446
1236,1333,Pretoria DC,7192,928,15102,351544.96,59,2025-09-01 04:06:31.714469
1237,1334,Pretoria DC,9725,689,16378,111740.25,56,2025-09-01 04:06:31.714494
1238,1336,Pretoria DC,6542,584,18665,295632.98,32,2025-09-01 04:06:31.714520
1239,1337,Pretoria DC,4138,840,11114,205162.04,77,2025-09-01 04:06:31.714547
1240,1338,Pretoria DC,5535,594,16117,233964.45,52,2025-09-01 04:06:31.714571
